date,569_Cineplex Entertainment,23_Dance,47_Car,815_Canada,170_Driving,249_Health,71_Recipe,276_Restaurant,634_Clinic,250_Hospital,168_Fire,437_Disease,11_Canada,29_Sales,96_RE/MAX,18_Canada,67_Hotel,179_Hotel,5_Download,68_Canada,78_Xbox,696_Jewellery,329_Canada Revenue Agency,95_Staples Canada,423_Bankruptcy,279_Credit,1160_Business,813_Student,466_Mortgage loan,468_Car,46_Plant,750_Forest,747_Fish,121_Circulaire,123_Cigarette,697_Shoes,1176_Printing,1268_Price,288_Canada,248_Jean Coutu Group,30_Hewlett-Packard,287_Valve,612_Film,13_Google,31_Java,7_Royal Bank of Canada,38_Insurance,969_Lawyer,477_Architecture,25_Marketing,380_Veterinarian,1010_Vacation,726_Desjardins Group,76_Canada,74_University,256_Clinic,508_Unemployment,20_National Hockey League,1199_Quebec,144_Hair,748_Tractor,48_Door,255_Clinic,50_Canada Post,664_Logistics,60_Job,802_Job,621_Food,1140_Boat,841_Flyer,289_Truck,665_Ship,662_Airline,354_Canada,666_Train,1150_Canada Post,277_Liquor Control Board of Ontario,650_Door,651_Bridge,652_General contractor,158_The Home Depot,1143_Netflix,70_Gift,271_Refrigerator,270_Furniture,233_Waste,473_Car,1339_Carpool,932_FIFA,882_Dog,94_Yoga,293_Wedding,205_Car,208_Park,1081_Rent,73_Walmart,185_Model,610_Truck,206_Cruise ship,1003_Backpack,918_Menu,355_Book,145_Massage,894_Theatre,960_Employment,961_Résumé,378_Rent,465_Insurance,1164_Canada,784_Stock,1209_News,396_Election,408_Newspaper,832_Flooring,952_Swimming pool,1139_Bank,107_Stock,343_SQL,77_PayPal,278_Tax,1300_CEGEP,730_Git,341_Salesforce,334_Trade fair,314_Antivirus software,718_Outsourcing,728_Server,1162_Canada Revenue Agency,53_GoDaddy,342_Enterprise resource planning,1159_Salary,1214_Truck,670_Fertilizer,12_Canada,566_Textile,672_Adhesive,673_Color
2004-01-01,0,75,83,74,53,67,28,36,14,65,78,10,27,63,33,22,76,75,100,10,47,0,0,53,29,54,22,58,18,56,15,92,100,1,91,36,93,0,34,0,80,77,100,7,93,61,62,30,88,93,100,73,0,99,100,15,27,60,62,73,36,27,13,22,67,82,91,83,36,3,49,26,64,89,42,23,0,28,71,0,15,1,10,35,87,64,84,14,2,42,37,69,60,26,30,11,75,56,31,14,3,97,44,69,70,0,30,40,76,7,28,0,97,43,41,100,8,81,51,39,77,0,2,0,80,81,100,0,4,0,22,45,24,53,60,10,50
2004-02-01,0,71,84,80,44,54,26,35,11,76,82,100,27,88,33,20,85,88,99,9,38,0,0,68,43,56,7,61,19,54,18,83,60,1,84,36,99,3,38,0,20,66,73,6,100,74,61,33,88,96,77,62,0,100,92,13,22,82,100,58,47,25,27,21,53,83,47,100,38,2,53,28,43,82,43,21,0,25,88,0,21,0,12,21,80,65,84,0,1,40,30,64,59,28,34,9,77,71,27,11,4,72,62,87,100,0,28,39,74,6,33,0,96,53,24,68,8,84,48,62,73,0,0,0,73,99,91,0,5,100,29,53,31,51,100,41,76
2004-03-01,0,82,87,89,46,62,24,34,10,78,76,12,27,100,41,21,83,94,94,10,36,84,0,61,32,48,17,27,23,46,16,93,94,0,83,44,100,5,45,0,100,73,80,6,100,64,67,45,100,79,50,48,0,90,89,14,20,100,56,90,37,22,16,19,83,79,57,86,32,3,54,24,53,80,50,19,53,22,66,0,11,0,10,31,86,52,90,0,2,37,28,61,61,30,46,11,98,80,29,12,5,95,53,83,76,0,32,30,74,5,39,0,94,53,48,36,6,100,42,75,48,2,7,96,100,54,86,0,1,0,23,41,61,51,48,13,31
2004-04-01,19,79,95,85,52,51,23,31,12,79,80,59,27,78,49,22,80,89,93,10,34,67,0,18,28,48,7,50,100,67,18,73,72,1,94,49,96,5,47,0,30,65,79,11,84,63,74,32,61,92,60,50,0,91,82,15,22,100,89,75,55,28,13,19,48,86,69,56,40,3,60,22,50,100,42,19,42,29,77,42,9,0,9,34,81,75,98,11,1,38,23,59,73,32,40,9,90,86,22,10,4,84,49,80,77,0,38,27,69,6,34,0,100,57,41,38,6,97,44,68,55,3,0,76,67,92,87,0,3,0,40,53,31,51,71,61,100
2004-05-01,0,76,100,92,49,76,24,33,12,73,60,35,32,96,72,21,77,84,90,10,38,0,0,51,33,51,10,52,24,72,28,84,91,1,95,48,90,22,48,0,53,92,65,9,88,67,74,34,70,80,49,43,0,86,78,14,17,80,63,78,48,29,23,18,51,92,94,54,36,3,63,18,55,65,40,18,0,30,83,0,37,0,14,31,74,66,95,3,3,41,28,70,75,43,52,10,75,71,20,10,5,84,45,79,64,0,32,34,79,6,40,1,93,53,70,46,5,90,48,30,60,0,3,90,93,94,81,0,4,0,27,58,27,49,43,45,0
2004-06-01,0,73,90,83,71,79,24,30,14,79,89,90,30,83,15,22,82,91,89,10,36,0,0,45,26,53,10,56,25,79,23,87,82,0,86,45,100,6,49,0,73,90,80,9,92,100,75,41,68,86,82,51,0,92,80,16,25,27,57,88,52,28,24,20,83,99,63,54,56,3,60,21,46,98,52,20,39,28,60,39,22,1,12,28,75,65,93,23,5,39,27,73,93,55,54,11,82,79,19,11,5,89,48,66,85,0,40,48,60,5,30,6,94,50,68,48,5,93,47,29,44,1,3,23,73,92,82,0,7,0,22,61,11,51,80,46,46
2004-07-01,19,63,94,95,65,77,28,32,16,81,95,28,33,100,47,24,94,100,93,10,42,0,0,39,39,57,13,94,35,70,17,58,51,1,58,42,83,4,48,100,77,84,78,8,82,75,70,34,62,85,68,64,0,81,80,19,26,24,30,86,59,31,13,19,92,85,29,64,72,3,50,22,100,98,48,19,41,32,40,41,23,0,13,53,89,52,100,7,4,43,35,78,100,79,64,12,96,72,25,12,5,83,53,86,74,0,40,40,22,5,34,1,94,57,86,37,5,95,49,27,39,0,2,0,85,76,87,0,0,0,21,45,24,49,79,39,48
2004-08-01,0,82,95,91,68,87,29,32,13,82,80,34,32,97,100,25,94,100,94,11,39,0,0,59,32,60,29,81,24,70,16,56,70,1,63,55,91,4,39,91,96,86,64,10,82,73,74,36,61,78,26,60,0,83,86,16,17,22,47,83,58,33,0,19,84,82,100,58,64,3,54,22,71,89,46,19,0,34,37,0,26,1,10,40,98,58,98,3,2,50,31,80,94,58,54,11,98,85,26,19,4,86,52,74,72,100,39,42,46,5,31,0,92,53,70,46,5,89,45,28,83,0,5,22,96,52,79,0,6,57,22,53,16,50,62,53,22
2004-09-01,0,85,85,85,61,86,28,32,12,73,89,86,30,71,26,23,84,91,95,11,42,0,0,53,32,51,9,66,51,68,16,70,43,0,86,49,86,3,46,83,48,77,80,11,92,87,64,42,67,97,52,51,0,83,96,15,23,20,57,56,45,29,21,19,69,79,61,55,43,3,49,27,49,85,42,20,0,30,45,68,24,0,12,33,86,53,85,6,2,38,34,61,64,24,24,11,79,86,28,14,5,94,54,71,73,0,32,41,42,4,38,1,92,50,37,53,5,100,44,23,67,0,1,20,88,56,82,0,3,0,24,39,10,48,78,56,0
2004-10-01,0,69,87,85,52,59,31,33,11,64,93,70,25,70,64,22,72,78,92,11,49,0,0,95,16,49,23,57,29,60,15,64,62,1,100,46,90,5,44,0,39,83,83,12,94,70,61,31,68,85,43,46,0,84,85,14,19,32,39,63,50,27,31,19,90,74,36,87,30,3,50,30,42,88,31,19,100,27,63,100,7,0,15,23,78,68,84,3,3,35,31,57,59,21,23,14,77,59,20,9,4,80,46,80,53,0,27,32,47,5,33,2,87,46,16,56,6,79,55,22,68,0,3,60,83,64,83,0,8,77,29,43,34,48,64,40,39
2004-11-01,30,83,75,77,39,56,28,38,16,64,84,61,29,54,38,23,72,72,87,11,60,0,0,100,32,50,10,59,49,66,14,90,73,1,90,48,85,1,37,0,31,99,60,11,95,72,59,37,100,100,74,59,0,85,82,18,22,8,76,59,39,25,0,20,48,72,82,74,21,5,48,23,43,95,44,20,33,25,81,33,23,0,26,35,83,74,69,11,2,34,32,47,55,19,21,16,77,58,21,13,5,91,51,100,45,88,29,25,69,5,43,4,90,53,19,55,5,96,50,25,65,0,3,20,72,100,61,0,6,0,39,48,24,49,72,55,97
2004-12-01,0,65,72,65,41,50,40,38,15,66,67,58,27,56,48,28,67,66,90,14,67,100,0,83,27,41,8,39,27,50,16,55,49,1,70,48,79,5,30,0,52,76,59,11,83,62,50,32,66,70,26,67,0,71,71,17,19,37,53,51,43,26,0,31,43,55,23,77,22,4,46,24,56,74,52,31,31,26,100,63,15,1,49,22,79,48,62,11,2,32,30,42,56,20,20,19,93,61,15,12,4,98,51,72,56,0,23,26,74,4,42,0,75,35,25,46,6,74,45,24,70,0,3,38,91,64,66,0,6,0,32,42,27,50,57,45,37
2005-01-01,0,78,78,75,37,65,28,34,15,68,80,60,28,64,40,20,82,91,92,10,51,0,0,60,21,47,16,49,17,57,13,77,52,1,92,36,85,4,40,0,43,77,95,10,84,69,57,40,71,83,46,82,0,83,94,16,22,40,74,65,44,30,0,24,41,79,70,65,31,4,33,17,60,78,52,24,0,29,72,78,16,0,9,22,85,67,71,7,2,36,35,70,55,19,32,11,100,69,25,13,5,94,43,61,50,0,33,31,51,5,34,0,82,48,19,35,5,78,52,39,79,0,2,63,88,63,73,0,10,0,27,29,15,56,67,50,31
2005-02-01,0,70,76,80,56,73,27,42,16,76,86,46,24,68,33,19,88,93,86,9,41,0,0,36,30,46,15,48,42,56,14,68,69,0,81,42,86,3,43,69,67,72,70,11,97,65,59,35,77,95,47,69,0,86,76,17,23,37,65,74,35,28,0,21,70,84,56,60,41,3,56,25,52,79,35,21,28,28,76,56,24,0,11,19,81,51,74,10,3,37,29,64,66,26,42,10,86,68,26,8,4,52,49,61,54,0,34,40,46,5,39,0,78,57,28,54,6,88,45,62,72,1,5,34,98,39,79,0,12,22,26,53,12,50,44,54,67
2005-03-01,0,76,85,86,59,65,27,33,13,81,78,33,27,80,27,19,81,91,83,11,43,38,0,27,24,51,17,42,36,59,17,82,58,1,99,49,87,6,39,0,45,81,66,11,90,60,63,40,79,97,48,63,0,79,82,16,23,11,85,58,57,28,15,21,62,84,73,87,38,4,44,19,69,93,42,21,95,28,61,71,28,0,10,32,87,56,85,12,3,37,28,55,66,26,38,11,83,87,21,8,5,58,51,56,56,0,34,34,43,6,38,0,90,55,26,75,6,82,54,78,72,0,3,100,73,60,68,0,10,18,32,37,24,54,64,34,14
2005-04-01,0,76,95,87,55,62,23,36,15,79,65,51,27,83,32,19,77,89,74,10,45,0,0,38,27,48,14,46,59,79,20,69,77,1,82,56,84,7,38,0,26,63,61,12,78,83,59,37,72,80,68,42,0,84,70,18,18,13,43,66,50,34,0,19,49,93,49,72,36,5,44,19,42,78,50,19,55,35,74,82,25,0,9,19,77,57,93,12,2,38,32,63,68,30,41,11,89,65,29,11,5,71,43,70,71,0,34,28,58,5,41,1,89,57,54,31,5,91,50,71,65,2,1,50,90,56,58,0,7,21,22,42,28,50,49,26,49
2005-05-01,0,75,86,81,63,58,24,36,15,83,72,23,30,86,38,19,79,90,73,10,86,0,0,68,20,50,10,50,21,55,24,75,79,1,56,48,92,6,33,0,6,71,70,13,79,74,64,42,56,77,50,45,0,80,67,17,20,12,52,74,50,25,15,18,61,100,53,73,45,4,50,25,54,78,42,18,74,26,62,49,33,0,12,24,80,57,81,0,2,31,28,70,75,40,50,12,84,69,26,13,5,71,46,64,60,0,36,41,50,4,40,1,80,56,55,45,4,82,41,33,61,1,0,45,47,47,72,0,7,0,21,46,46,53,54,29,58
2005-06-01,0,76,84,84,67,65,26,35,14,77,81,29,32,81,39,20,83,93,68,9,46,0,0,35,30,51,9,68,43,71,20,74,80,1,56,43,76,4,50,0,18,77,74,13,72,82,67,46,67,84,66,45,0,78,68,16,21,21,61,70,50,31,39,21,60,93,50,51,61,4,36,20,55,81,30,21,50,31,55,50,30,0,13,43,75,62,78,6,5,37,30,77,90,55,57,12,79,72,16,10,4,77,51,61,61,0,37,40,51,4,38,0,75,48,87,63,5,92,57,29,52,0,1,30,55,51,80,0,8,19,23,33,29,53,75,60,30
2005-07-01,12,72,87,100,67,65,27,37,16,74,88,43,32,89,20,20,90,100,71,10,45,42,0,22,26,49,19,84,28,66,15,57,76,2,71,40,86,7,39,0,31,76,70,14,72,89,68,41,47,71,34,51,0,74,66,18,17,38,70,81,48,26,0,21,48,87,57,52,68,5,46,18,58,87,30,22,26,26,36,0,28,0,14,43,88,50,84,11,2,40,30,81,95,74,64,14,90,63,19,14,4,69,52,61,37,0,39,43,25,5,100,0,85,54,73,45,5,87,63,28,38,4,6,48,66,27,65,0,9,0,26,40,19,49,55,70,16
2005-08-01,34,88,90,91,83,68,29,38,16,74,67,34,31,79,19,21,87,99,73,11,44,39,0,70,28,55,9,91,59,83,14,53,40,2,57,53,81,17,33,0,29,70,66,20,63,95,70,43,44,62,62,45,0,70,77,19,18,35,55,72,49,29,15,23,56,83,45,49,55,6,51,21,61,81,48,23,25,28,44,74,26,1,11,45,92,53,85,15,2,43,35,82,94,56,44,15,78,64,26,14,6,77,42,59,60,0,41,49,12,4,53,0,81,55,49,39,5,82,53,25,95,3,3,60,72,38,69,0,10,19,34,43,29,54,45,24,44
2005-09-01,10,86,78,80,50,66,27,37,17,77,77,41,29,69,34,20,74,88,76,11,46,0,0,35,36,46,13,73,19,71,14,71,33,2,62,47,78,34,41,54,31,74,71,21,79,98,57,39,54,79,44,40,0,70,97,19,19,42,58,47,38,29,21,20,70,78,56,49,36,5,50,25,54,70,31,20,66,28,52,0,40,0,11,29,84,61,70,17,4,35,32,61,60,26,20,11,74,62,23,14,5,89,50,51,62,0,33,35,50,4,47,0,87,49,31,67,5,80,58,25,73,0,4,27,55,39,65,0,9,34,28,38,22,53,54,58,0
2005-10-01,36,69,70,80,58,59,30,37,15,79,83,28,27,58,39,20,66,75,79,12,56,0,61,48,25,46,14,45,43,63,15,68,52,2,72,50,84,7,33,0,28,64,54,19,78,67,50,33,55,73,31,45,0,71,84,18,17,80,57,50,36,29,0,18,54,71,32,82,31,6,55,20,45,70,54,18,60,29,57,20,34,0,12,41,81,68,68,5,5,35,31,53,48,19,22,13,73,65,25,11,5,63,51,73,45,0,30,33,50,6,41,0,80,58,16,47,5,79,56,24,67,1,3,84,44,43,47,0,10,0,27,50,17,50,54,52,95
2005-11-01,27,75,63,68,49,56,28,44,17,78,75,41,28,59,46,25,66,73,71,13,100,32,0,38,23,46,9,52,30,51,11,66,48,1,98,50,83,4,40,97,70,65,63,19,76,70,52,37,72,82,38,42,0,69,83,19,24,47,38,57,39,30,12,23,54,68,71,80,19,6,58,17,51,69,44,23,40,30,64,59,29,0,26,23,82,73,60,5,3,34,34,45,51,16,18,17,70,66,18,12,5,63,53,73,39,54,35,37,63,6,42,1,82,52,17,45,5,86,65,26,74,1,7,12,47,56,59,0,6,15,29,57,14,54,59,52,35
2005-12-01,46,62,57,61,43,43,37,44,17,62,61,33,27,57,16,30,61,65,80,13,76,0,0,57,25,40,8,48,35,60,11,52,37,1,58,51,56,3,33,49,38,65,49,20,64,78,48,31,50,55,38,55,0,62,62,18,21,36,47,55,41,24,25,33,48,53,40,55,19,6,47,18,29,64,77,33,20,24,54,40,21,0,50,23,80,46,56,10,5,35,28,35,54,18,20,21,79,60,18,10,5,100,51,64,45,0,31,23,39,5,34,1,62,38,20,54,5,74,57,28,67,1,2,49,64,38,46,0,11,0,26,44,12,56,47,43,0
2006-01-01,31,76,64,70,58,57,26,40,16,82,65,40,27,75,7,20,76,82,79,9,46,0,0,52,27,50,18,57,33,72,12,52,59,3,72,40,72,3,33,42,16,63,62,22,65,75,54,40,63,66,44,72,0,76,89,20,23,32,58,60,45,23,11,25,67,76,49,58,32,5,45,20,49,72,38,25,17,23,64,0,34,1,9,22,97,54,60,7,2,38,41,74,54,21,40,12,65,70,27,7,6,75,45,59,42,0,34,36,47,6,38,8,76,56,23,42,6,79,58,43,80,1,2,31,43,41,60,0,17,0,28,39,15,54,51,24,40
2006-02-01,25,76,62,70,53,56,26,41,17,78,68,51,25,74,7,17,76,86,73,10,37,0,55,40,24,48,12,51,19,53,13,51,50,2,75,41,84,3,38,0,30,76,63,21,71,67,51,39,76,73,41,63,0,73,75,20,22,13,55,58,37,27,28,23,59,76,33,65,33,7,47,20,49,61,47,23,18,27,70,18,20,1,12,27,86,50,62,8,2,36,33,59,58,22,42,10,66,57,24,9,7,51,46,48,60,0,38,31,38,6,38,0,71,49,21,74,6,84,63,64,74,1,8,44,65,51,57,0,23,14,25,41,13,51,42,26,32
2006-03-01,36,72,69,75,62,52,24,38,19,77,73,52,26,71,37,19,78,87,67,10,40,25,0,54,29,50,15,43,34,63,13,60,53,2,85,51,74,7,30,39,23,74,60,20,71,63,58,35,63,77,45,49,0,71,80,21,22,38,62,51,52,25,20,22,47,77,60,61,31,5,54,21,43,75,40,22,16,25,59,64,19,0,8,28,87,55,75,10,3,38,33,56,59,24,34,11,68,74,31,6,6,70,49,69,49,43,44,38,41,7,33,0,76,56,37,38,6,80,65,77,66,1,4,48,32,45,55,0,15,0,31,51,16,55,43,27,9
2006-04-01,31,75,71,82,68,57,24,36,17,77,78,36,29,79,39,18,71,84,59,10,34,0,0,30,18,43,12,50,48,77,17,52,56,3,79,60,76,8,30,0,24,65,50,22,62,61,55,36,49,65,46,43,0,68,69,20,22,70,72,69,48,28,32,23,65,80,55,69,36,6,41,18,52,70,36,23,17,28,57,51,23,0,10,28,77,62,73,10,3,37,32,54,62,27,41,14,83,72,22,10,6,53,46,67,46,0,46,28,52,6,33,0,71,52,31,44,5,83,63,71,65,1,4,72,63,52,45,0,15,26,24,37,20,52,26,77,50
2006-05-01,37,90,71,70,71,62,22,40,17,83,69,53,30,73,38,19,74,88,63,10,34,0,0,45,20,46,9,67,28,78,24,76,70,2,64,59,71,6,40,40,23,100,56,21,61,70,59,38,60,69,44,36,0,71,66,20,21,48,29,63,55,30,15,23,57,84,68,60,44,5,40,21,43,76,52,24,16,29,58,16,22,0,12,29,79,61,67,21,7,36,33,59,72,37,41,14,74,67,29,9,5,57,48,74,67,44,45,29,43,6,32,0,75,45,56,28,5,87,67,40,67,1,4,10,37,35,54,0,13,38,18,35,24,57,46,70,48
2006-06-01,15,95,71,71,72,60,24,37,18,77,62,35,29,70,46,18,76,88,58,10,34,0,0,38,24,43,10,64,29,61,17,56,58,2,49,48,71,5,39,42,24,72,41,23,59,68,59,43,44,61,48,41,0,66,62,20,23,20,50,72,50,28,21,24,67,82,61,52,50,5,49,19,51,68,35,24,17,29,57,0,26,0,13,32,73,58,69,12,99,38,32,73,82,50,54,15,76,63,19,10,4,60,47,57,50,0,44,39,48,5,41,0,75,49,70,44,4,86,69,32,50,3,6,10,37,41,50,0,14,0,25,44,32,54,46,61,40
2006-07-01,55,79,74,79,75,54,26,39,21,71,66,32,31,82,7,19,78,89,59,10,37,0,0,49,20,57,21,84,37,72,15,47,40,2,42,46,60,5,33,0,24,79,55,22,55,71,62,38,41,56,37,50,0,68,56,22,20,22,40,64,44,30,16,23,56,76,28,58,68,7,60,26,57,75,43,23,0,30,39,17,23,0,12,40,86,53,75,9,41,41,33,87,96,72,67,18,71,61,30,10,5,61,43,55,43,0,50,41,26,4,47,0,75,61,77,43,4,71,73,34,38,2,4,21,50,37,56,0,15,13,29,56,22,52,36,16,20
2006-08-01,14,94,73,77,91,58,27,41,18,78,72,48,31,73,31,22,85,91,65,11,41,0,0,59,25,53,17,100,34,76,13,50,42,2,48,56,64,7,30,39,49,78,52,23,52,68,60,41,35,60,49,47,0,62,71,20,20,17,50,58,46,28,20,24,54,74,60,48,64,7,52,28,55,76,48,24,16,28,47,16,30,1,12,36,90,50,75,11,3,42,35,78,84,55,46,18,70,75,21,14,6,68,53,53,51,0,47,38,32,4,51,0,70,53,51,52,4,86,70,29,96,2,9,58,49,36,51,0,14,0,25,46,18,54,59,11,75
2006-09-01,47,90,63,70,65,66,27,39,18,77,80,35,28,62,35,21,72,83,71,11,38,0,0,42,18,47,13,77,35,57,14,59,39,3,51,59,73,5,29,0,32,62,57,24,58,63,57,35,45,61,44,44,0,61,87,21,22,21,63,58,45,29,19,23,56,71,30,53,41,7,52,21,60,62,40,23,0,29,42,75,28,1,11,27,90,57,62,6,3,36,37,58,61,23,22,16,74,74,24,10,6,71,46,61,31,0,39,43,35,4,43,0,75,55,28,55,4,73,63,24,71,1,6,36,45,34,48,0,18,0,20,50,9,52,38,57,0
2006-10-01,37,76,59,66,63,54,32,40,19,72,77,44,27,53,31,23,67,74,72,13,43,0,0,42,22,47,17,47,26,61,12,71,41,2,56,56,85,1,30,0,54,68,43,26,62,61,55,36,61,68,51,43,0,63,74,21,23,43,68,49,41,30,21,23,61,65,39,58,27,7,47,21,38,61,24,23,40,30,53,40,24,1,14,33,88,59,64,7,3,32,32,49,55,17,22,18,75,60,20,7,6,52,51,56,37,36,35,36,54,5,37,1,74,58,20,70,4,80,68,25,80,2,5,32,48,48,45,0,13,31,22,44,8,50,45,29,63
2006-11-01,47,72,56,60,44,53,28,44,20,75,70,45,27,61,20,28,64,71,70,13,62,0,0,59,21,45,11,49,44,55,11,53,55,3,50,51,75,3,31,0,36,63,45,25,66,68,49,35,63,73,59,50,0,68,68,22,18,45,46,46,44,30,20,24,49,61,37,56,20,8,38,21,41,57,50,24,13,30,51,26,25,0,23,26,93,54,52,11,2,34,34,49,50,14,20,25,63,65,17,7,6,65,50,65,47,0,31,29,54,5,34,2,76,53,16,50,5,82,68,27,73,1,6,23,33,47,45,0,16,20,28,33,18,54,41,43,30
2006-12-01,100,66,52,56,51,44,44,46,20,64,58,32,28,49,37,32,59,64,78,14,74,0,0,62,18,43,11,36,35,59,7,41,40,2,56,52,59,1,24,0,13,59,37,26,53,62,42,26,38,53,42,62,0,57,60,21,19,28,45,48,46,24,17,36,39,50,30,37,20,10,39,20,32,54,75,36,55,24,47,41,20,1,43,26,91,47,47,11,3,33,29,35,54,15,19,31,75,66,19,8,6,78,59,51,31,0,27,22,30,5,43,0,69,37,20,45,4,63,71,28,71,1,6,0,64,23,47,0,16,0,23,36,16,59,35,36,16
2007-01-01,89,74,55,60,60,60,29,41,21,79,71,38,26,70,27,22,83,76,76,10,53,18,71,58,22,56,13,63,32,58,10,48,38,3,61,43,68,3,33,28,22,58,53,26,59,69,53,38,56,69,36,78,0,97,80,25,27,38,48,48,41,25,14,27,44,74,42,39,30,9,52,18,38,56,29,27,12,25,51,23,19,1,10,26,100,48,61,5,2,33,44,66,58,20,35,15,69,65,23,9,6,64,51,58,50,31,39,33,39,6,41,0,78,54,20,66,5,75,66,40,74,1,5,28,59,31,47,0,23,18,23,47,15,54,39,39,20
2007-02-01,74,72,56,63,59,55,29,46,19,74,77,35,26,63,24,20,84,79,73,11,41,40,38,42,23,51,16,48,62,52,11,56,49,4,67,42,67,3,33,0,30,64,58,29,63,70,53,35,51,63,37,66,0,88,69,22,24,31,43,56,41,26,23,25,55,69,45,52,33,10,41,20,46,55,31,25,0,26,66,62,21,1,13,27,86,47,60,6,2,34,35,58,61,20,32,14,64,71,23,8,7,56,51,51,43,0,40,36,32,6,39,0,76,54,21,72,5,82,71,61,86,1,8,38,50,46,47,0,22,0,21,40,9,52,40,36,15
2007-03-01,79,68,61,65,72,57,25,38,18,80,69,33,25,76,34,21,85,76,69,10,45,17,100,46,24,55,13,36,45,75,13,51,33,4,59,52,70,5,31,27,18,60,47,28,59,72,53,36,51,62,44,55,0,91,66,21,21,37,53,52,44,26,24,23,54,68,45,58,30,11,52,19,50,60,43,24,0,26,55,33,25,1,9,22,87,49,66,6,3,51,34,52,60,24,34,15,68,72,21,7,6,47,45,46,46,0,44,39,39,5,38,1,75,58,30,43,5,77,71,75,67,3,6,26,41,56,45,0,18,25,25,51,14,51,42,31,13
2007-04-01,51,73,61,68,51,52,25,39,19,76,61,37,29,63,35,21,81,77,65,10,42,0,0,42,22,49,17,44,27,69,14,53,84,3,67,54,72,4,34,0,46,63,43,29,54,73,55,35,49,60,46,45,0,81,63,21,21,48,49,62,51,26,14,24,54,70,35,44,36,10,49,20,36,55,50,24,34,26,63,34,23,0,10,26,87,59,67,8,2,51,35,53,66,25,39,16,60,73,25,7,6,54,44,54,44,0,44,35,48,5,41,0,76,57,32,45,4,74,66,73,71,2,7,48,39,26,45,0,22,18,29,47,13,51,39,41,33
2007-05-01,39,74,66,67,77,54,24,42,21,77,62,35,29,83,54,21,84,76,62,11,41,34,33,30,17,53,16,56,44,73,22,51,55,3,68,52,70,7,36,26,28,68,45,29,52,72,58,36,50,65,40,37,0,82,60,25,15,24,42,59,55,31,10,23,51,77,37,49,47,10,54,21,40,56,42,23,11,31,58,0,24,0,12,31,80,65,71,12,2,38,33,59,74,37,45,18,70,68,22,8,7,52,48,54,47,0,43,34,58,5,37,0,74,52,60,46,4,77,63,34,79,2,10,26,40,23,50,0,23,8,24,49,25,52,39,44,45
2007-06-01,26,80,66,64,69,54,25,43,20,78,67,47,28,73,48,22,86,78,64,10,38,0,0,29,20,53,17,65,34,64,17,60,64,4,53,44,70,4,32,0,30,71,39,28,49,79,55,36,41,53,35,43,0,75,57,21,14,13,48,66,57,29,25,23,49,71,39,51,55,12,42,24,42,70,44,23,0,29,58,46,33,1,13,37,79,58,68,6,5,36,33,62,85,55,54,18,66,67,19,8,6,45,45,53,41,0,46,36,38,5,41,0,78,52,68,56,4,81,70,29,47,6,6,27,40,33,48,0,20,0,28,36,28,53,34,24,34
2007-07-01,56,67,67,67,75,64,27,42,23,74,63,29,29,85,39,21,100,87,63,10,44,0,0,21,20,53,13,87,43,78,14,47,45,3,45,42,63,3,31,27,24,72,36,28,50,79,57,39,36,56,19,52,0,74,56,27,23,12,46,62,48,30,24,24,72,67,40,47,70,12,51,20,47,80,43,24,11,30,48,11,31,1,11,43,90,54,69,8,13,40,33,72,88,66,60,20,67,68,21,8,6,52,53,56,35,30,50,41,39,5,44,0,73,53,70,64,5,85,69,30,37,6,6,7,47,41,52,0,17,0,23,49,19,51,30,48,33
2007-08-01,24,81,61,64,71,60,28,41,20,72,55,22,29,90,0,22,95,84,65,11,48,0,0,36,19,55,11,96,39,72,12,45,34,4,55,53,63,3,33,52,27,60,40,31,46,77,55,41,39,53,40,48,0,77,62,23,19,12,50,58,45,30,3,24,68,64,38,32,58,12,48,19,43,74,33,24,11,30,67,32,37,1,11,42,93,55,67,7,3,41,40,68,84,58,43,20,63,75,23,13,5,57,55,44,40,0,49,47,32,6,42,0,75,59,45,58,5,80,67,24,94,4,7,19,36,30,47,0,22,8,29,42,14,50,34,38,31
2007-09-01,19,80,58,59,64,60,31,40,20,78,67,26,26,69,20,23,82,74,70,12,53,0,0,38,14,52,13,81,33,59,12,46,38,4,57,55,70,1,33,0,22,60,47,33,53,74,51,38,43,54,44,42,0,71,77,24,17,18,46,47,51,29,10,23,61,60,39,56,39,14,52,16,46,69,36,23,0,30,43,10,29,0,10,32,90,57,67,7,4,36,40,57,57,24,28,19,58,77,20,9,5,79,46,44,40,56,41,31,42,5,42,1,72,54,23,42,4,73,76,23,80,7,8,25,52,41,43,0,26,40,21,46,16,50,49,17,49
2007-10-01,34,63,61,56,61,62,34,39,21,75,70,43,24,64,21,24,77,69,66,13,52,0,0,54,18,50,14,50,26,56,12,54,46,4,58,52,64,2,29,0,26,78,47,34,57,69,49,38,56,62,52,50,72,79,66,25,18,23,42,53,56,26,40,23,69,57,33,50,29,12,47,20,44,94,33,23,0,26,48,46,23,0,12,32,88,58,70,9,4,37,38,47,56,16,19,19,61,72,19,7,7,45,54,52,28,0,36,31,46,6,40,2,75,55,20,66,5,72,75,24,83,5,8,45,39,45,45,100,27,7,27,45,20,52,44,33,27
2007-11-01,12,61,54,53,58,52,32,42,22,71,66,31,28,67,28,28,74,64,64,14,54,14,0,43,23,48,14,41,35,55,12,58,51,4,49,53,72,3,28,22,21,69,43,35,52,71,47,35,53,66,34,60,0,77,63,26,18,19,52,45,48,29,14,25,53,55,45,51,21,16,50,21,40,95,44,25,9,30,50,45,20,1,24,24,90,55,60,8,2,35,37,40,53,15,19,30,61,76,20,8,7,57,52,57,37,0,33,37,55,6,43,0,73,49,18,50,5,75,84,26,83,3,6,43,49,48,44,0,19,0,29,49,18,54,35,28,16
2007-12-01,18,59,48,48,46,46,46,44,21,66,56,30,27,47,23,34,63,58,74,14,66,16,0,57,13,42,14,33,30,50,8,38,21,5,50,51,54,2,24,0,35,50,33,35,40,79,40,33,46,51,29,66,0,61,50,23,19,27,36,52,56,23,9,33,46,45,34,40,21,17,51,20,28,58,57,34,20,23,48,10,16,1,43,28,81,50,50,4,2,30,34,35,52,16,21,35,62,66,16,9,7,59,51,48,24,0,29,22,32,4,45,0,64,37,16,44,4,61,83,27,80,7,11,12,34,32,45,0,19,0,23,49,9,58,32,28,18
2008-01-01,49,72,54,53,62,62,32,42,23,78,59,29,28,64,17,22,90,73,71,11,52,0,27,41,21,50,18,63,37,63,10,46,50,5,64,40,66,2,30,0,30,68,46,33,45,73,51,37,50,60,45,94,0,91,71,26,22,26,53,52,54,28,22,25,59,71,37,52,32,15,53,18,36,53,40,25,0,28,50,36,11,1,10,29,98,56,62,6,2,38,48,64,59,20,37,17,61,71,23,5,7,63,50,49,34,0,43,35,60,8,43,0,72,57,18,58,6,73,80,42,85,4,10,32,44,38,49,0,21,14,34,48,21,53,28,26,32
2008-02-01,29,80,53,56,47,60,30,42,23,78,59,28,23,61,25,20,86,72,68,11,43,0,0,38,21,50,16,44,38,66,9,48,35,5,60,42,69,4,28,68,22,64,46,35,47,73,47,36,50,59,32,76,0,83,59,27,18,26,43,53,50,26,20,23,49,65,25,51,34,16,52,22,32,53,34,24,0,26,50,28,28,1,12,24,83,45,56,6,2,34,39,54,58,19,37,15,59,74,23,7,7,44,49,47,38,50,42,28,37,6,41,1,70,48,16,49,4,65,77,60,85,4,10,28,34,37,49,0,28,21,33,53,24,50,43,40,16
2008-03-01,72,94,62,63,66,50,31,37,24,76,60,31,27,75,20,22,87,74,69,11,43,0,0,35,18,50,14,38,38,69,12,43,43,6,70,48,69,6,31,0,17,66,39,37,48,72,49,37,47,55,44,67,0,81,59,28,17,31,57,58,59,26,11,22,49,65,40,54,32,15,54,20,41,61,35,22,9,26,52,27,29,1,9,25,88,57,68,6,2,38,38,53,59,24,41,18,58,77,23,7,8,44,45,42,38,0,47,30,45,6,41,1,69,55,26,53,5,72,79,74,73,6,8,53,40,30,53,0,20,14,24,51,10,49,41,30,26
2008-04-01,16,79,70,65,71,61,26,39,23,71,54,31,30,72,28,22,82,73,63,12,37,0,0,37,27,54,14,46,27,79,16,52,44,5,58,53,66,9,41,0,13,67,40,37,45,71,52,38,50,59,46,48,0,77,57,28,16,53,40,64,63,32,22,23,55,76,37,50,37,14,51,24,42,53,35,23,0,32,51,18,23,0,10,29,85,68,70,11,1,42,38,52,61,27,44,19,56,76,21,6,7,45,48,46,39,24,49,33,43,5,44,0,70,54,43,62,4,77,74,76,78,6,13,27,40,38,46,0,22,0,30,49,27,53,50,39,21
2008-05-01,21,75,70,60,67,55,27,42,22,74,56,38,30,82,18,22,82,75,63,12,36,14,0,31,19,49,11,51,23,69,21,47,45,5,51,52,62,13,34,0,17,66,37,38,41,74,53,40,41,52,53,40,0,71,51,24,14,19,48,61,62,32,28,21,53,74,42,52,41,19,48,20,31,53,41,22,9,32,52,45,27,0,11,32,83,68,70,11,1,38,38,60,63,36,46,21,59,73,21,8,8,42,47,49,39,25,47,34,44,6,46,0,66,48,48,45,4,70,76,35,73,9,11,16,48,28,51,0,22,14,23,44,28,50,35,35,27
2008-06-01,48,89,68,57,69,54,27,41,24,70,62,27,28,76,22,22,82,73,62,11,35,31,0,32,25,50,12,71,44,60,18,47,46,8,47,47,68,16,35,0,7,58,30,37,40,62,53,37,40,56,30,47,0,67,49,27,19,17,55,71,57,31,18,23,60,67,33,46,50,17,47,23,27,57,46,23,10,31,51,39,26,1,12,39,77,61,64,12,5,40,36,61,70,49,52,21,56,68,16,8,8,38,48,49,39,0,49,38,35,5,40,0,66,50,65,40,4,73,78,28,51,6,12,23,31,27,51,0,18,30,31,44,36,50,39,28,34
2008-07-01,44,79,63,58,74,61,28,41,24,72,60,20,29,66,26,22,92,82,64,11,42,15,0,43,27,51,12,75,31,65,13,41,43,8,52,45,57,9,33,0,23,61,34,36,42,71,51,44,39,49,37,55,0,69,51,26,23,17,31,67,59,34,15,24,62,68,40,39,61,16,63,21,32,62,42,24,10,34,36,38,32,1,12,38,86,60,64,7,3,44,36,67,78,67,61,21,68,69,18,12,8,46,53,44,40,0,54,34,45,5,39,0,62,53,63,62,4,65,84,26,41,9,13,17,46,16,55,0,25,15,29,60,28,50,28,32,11
2008-08-01,31,93,57,55,75,57,31,42,23,66,60,34,28,58,11,24,91,80,65,13,41,31,0,45,22,53,15,85,37,71,11,30,36,8,39,53,63,5,33,0,9,65,29,37,37,62,51,35,29,44,32,53,0,64,55,26,19,6,41,62,59,32,3,23,64,58,31,43,60,18,48,20,33,63,31,23,0,31,41,29,24,1,11,34,87,53,59,11,2,44,40,67,71,54,43,23,56,68,23,18,8,61,53,46,31,0,52,29,30,4,48,0,62,52,48,37,3,66,73,22,100,5,12,17,59,28,54,0,22,7,25,47,18,49,35,18,29
2008-09-01,20,81,53,50,64,63,32,39,22,71,61,21,27,65,17,24,77,67,73,13,43,14,0,39,41,49,13,75,30,67,13,50,40,9,39,54,70,8,34,0,19,68,41,44,42,64,50,41,40,54,56,47,0,75,71,27,18,14,45,56,57,29,14,23,62,63,56,55,36,19,48,23,38,42,28,23,9,29,40,35,21,1,11,33,83,58,54,11,4,39,44,57,52,21,23,19,60,74,21,10,8,68,51,52,34,0,42,32,42,9,49,2,60,51,34,80,6,71,73,24,88,7,11,11,53,25,47,0,23,7,26,45,14,50,19,30,42
2008-10-01,18,65,51,47,59,52,37,38,25,70,72,34,25,63,9,25,69,60,63,14,43,26,25,25,29,50,12,50,33,54,12,56,40,9,49,52,67,12,27,20,17,64,34,42,46,63,47,40,52,56,44,56,0,81,59,28,19,29,58,48,62,29,23,22,49,59,38,51,24,21,50,20,33,43,32,22,0,29,41,32,22,1,12,27,81,65,51,6,5,38,38,48,47,16,22,20,58,58,16,7,9,39,48,49,38,0,38,30,83,16,46,7,62,46,18,63,11,70,76,24,82,8,12,24,40,37,50,0,24,0,21,48,14,50,37,23,14
2008-11-01,42,69,46,41,53,54,35,41,25,64,62,29,27,44,16,29,62,56,64,15,55,0,0,32,32,46,16,39,16,49,11,50,44,10,54,50,63,9,30,62,18,61,35,43,46,54,44,40,49,53,38,59,0,69,56,28,27,24,43,54,55,31,16,22,66,54,33,53,17,24,49,23,29,40,47,22,0,31,46,42,20,1,24,28,78,57,43,9,2,38,38,42,42,14,21,28,63,68,17,8,9,45,50,51,41,0,35,26,69,8,50,4,55,47,15,44,7,64,70,21,75,8,10,20,38,32,51,0,24,6,27,46,22,49,37,30,40
2008-12-01,23,56,45,40,44,48,49,41,24,62,58,40,26,43,17,34,60,51,70,16,58,0,0,35,33,43,17,43,26,54,9,41,31,11,50,50,49,7,24,0,8,51,34,43,37,63,40,36,36,46,47,69,0,64,47,25,28,15,31,57,60,25,21,31,43,46,23,39,17,29,49,17,36,32,61,31,9,25,50,43,18,1,40,22,71,44,44,18,2,36,36,37,46,14,22,35,60,64,16,8,10,58,52,38,19,0,29,30,63,7,44,1,50,35,20,41,5,58,77,24,73,9,8,10,47,28,45,0,24,7,23,49,11,55,23,31,10
2009-01-01,28,71,49,41,51,56,36,38,25,67,60,20,25,61,21,22,80,62,71,12,46,12,23,38,43,50,12,47,44,52,9,42,40,10,51,40,57,7,25,0,20,59,38,45,37,62,45,35,51,51,39,100,0,81,63,29,35,17,45,54,56,27,12,23,46,78,26,51,25,25,56,20,35,31,29,23,8,27,54,31,17,2,10,24,81,49,48,8,2,39,49,59,49,20,39,20,57,66,23,7,12,61,50,39,44,21,42,29,61,6,45,0,57,44,20,56,5,58,74,38,82,9,12,14,49,25,47,0,29,12,28,57,18,48,24,35,32
2009-02-01,37,67,48,43,51,51,33,42,26,74,68,15,21,66,22,20,78,63,62,11,40,26,50,32,39,51,17,50,35,55,10,45,40,10,59,43,64,6,30,40,19,68,43,46,41,59,45,39,45,55,50,72,0,80,53,29,36,24,53,62,54,26,28,21,66,76,26,47,32,23,51,22,34,34,33,21,8,27,49,41,19,1,11,25,71,50,49,7,2,37,45,53,51,20,36,17,58,66,19,8,11,40,51,39,48,0,40,31,59,6,44,0,58,47,22,54,5,65,72,60,87,10,11,15,31,34,44,0,40,0,25,50,22,46,34,43,39
2009-03-01,26,76,56,49,60,53,32,36,25,70,70,32,26,62,14,21,75,65,63,11,39,11,0,41,40,53,19,48,45,59,13,50,47,10,70,49,63,5,29,0,10,66,39,47,42,62,48,39,45,57,37,57,0,74,54,29,34,23,55,62,55,28,27,19,67,79,38,55,35,23,53,18,27,35,27,19,7,28,45,43,25,1,9,32,75,59,54,1,3,39,42,49,52,24,38,17,57,74,19,9,11,40,51,38,38,0,43,34,53,9,46,0,62,49,24,40,6,63,76,79,74,10,14,35,44,24,48,0,27,6,23,47,19,45,41,28,38
2009-04-01,31,66,63,82,63,58,35,42,25,74,65,21,41,65,15,29,70,62,70,16,35,0,69,29,42,51,17,43,50,64,17,45,50,15,58,57,60,5,34,0,11,64,34,43,38,64,51,43,50,49,47,45,59,78,55,29,36,20,44,65,58,31,28,20,61,76,31,45,38,35,51,21,26,38,32,20,15,31,49,45,22,1,9,32,74,67,56,6,2,39,43,50,56,28,39,20,56,75,19,9,14,40,49,45,37,20,43,36,49,7,53,0,72,50,27,60,5,64,66,67,78,8,15,32,68,34,44,0,30,0,25,49,23,54,31,34,31
2009-05-01,24,77,60,80,59,52,36,46,27,77,71,21,44,68,27,29,70,62,72,17,34,12,0,23,41,52,17,54,44,67,22,44,47,17,46,58,60,5,43,0,2,64,29,43,34,57,51,44,44,49,49,33,60,77,52,30,35,20,46,66,66,29,21,19,72,81,26,45,47,40,44,17,32,39,32,19,0,29,49,46,20,1,11,34,75,62,56,11,2,42,40,56,60,38,50,21,57,76,21,7,16,36,50,48,44,21,41,37,46,7,50,1,78,47,52,42,5,61,64,29,75,8,11,14,43,38,43,0,28,6,31,43,32,54,26,33,27
2009-06-01,35,67,60,70,75,62,36,45,26,80,73,25,42,68,15,29,72,63,70,16,39,24,23,34,41,53,11,71,52,64,20,36,40,16,48,51,60,4,40,0,13,64,24,41,35,59,56,48,42,51,44,38,0,77,49,31,39,14,49,75,72,31,14,19,42,78,41,38,56,38,44,21,30,37,35,20,0,31,49,46,26,2,11,43,72,58,52,8,5,41,39,57,67,50,51,22,61,69,22,10,16,39,52,37,45,0,45,45,36,6,66,0,79,49,51,45,5,63,66,28,49,11,18,14,36,24,45,0,30,12,25,43,20,53,23,36,41
2009-07-01,14,62,62,76,73,71,40,51,26,76,76,16,45,69,12,30,86,79,73,16,40,24,23,31,40,56,16,97,67,68,14,41,47,16,42,51,60,6,36,0,20,64,29,40,33,66,59,51,38,46,48,56,0,75,52,30,42,8,36,74,66,29,21,19,70,70,25,37,66,41,61,19,29,47,32,19,15,29,41,61,27,2,11,49,87,62,55,5,2,43,39,66,76,66,60,23,62,72,24,12,19,42,59,47,36,0,47,39,32,6,46,0,79,60,58,46,4,58,68,26,41,9,13,9,46,22,49,0,37,6,27,57,14,53,15,38,32
2009-08-01,13,80,65,70,69,66,42,48,26,79,80,27,43,61,11,31,84,75,75,18,42,0,0,35,35,59,15,83,50,72,12,39,40,15,51,57,62,4,35,0,9,48,25,38,30,62,56,42,35,43,61,45,57,66,55,30,50,5,36,69,68,32,18,18,62,65,24,34,54,40,47,20,31,46,32,18,0,32,43,44,31,2,11,49,90,55,54,7,2,45,43,62,67,54,50,24,61,80,22,18,18,44,55,40,36,39,45,38,23,6,45,0,80,58,43,51,4,55,70,23,95,13,17,4,51,20,44,0,31,6,24,46,20,48,26,31,22
2009-09-01,6,81,55,69,59,70,43,48,28,84,73,40,42,65,13,31,73,64,77,19,37,22,0,29,43,52,15,73,38,62,12,47,38,17,50,58,69,4,38,0,8,55,38,43,35,68,54,45,39,49,43,40,0,67,71,32,52,13,38,60,70,32,30,18,53,69,40,46,37,37,45,18,26,34,29,18,14,32,40,55,19,3,11,42,79,55,48,6,3,42,45,52,52,29,26,25,60,76,23,11,18,58,57,43,36,0,40,36,33,6,44,0,77,55,31,50,5,60,67,21,78,9,13,12,49,27,40,0,38,5,29,43,11,51,27,31,49
2009-10-01,26,65,52,66,44,70,48,48,33,82,69,41,41,56,10,33,63,56,80,27,37,0,19,31,37,51,13,47,39,64,12,45,44,16,61,61,63,4,33,31,7,56,33,45,35,63,52,44,45,50,53,45,0,63,61,36,56,16,42,57,67,31,14,17,61,60,33,47,23,42,49,18,27,34,29,17,6,31,40,56,23,2,12,47,79,52,45,5,4,37,41,47,48,19,19,24,54,63,22,8,20,33,52,43,29,0,34,35,41,6,43,0,80,53,18,57,5,55,62,24,77,9,13,19,41,25,40,0,42,10,30,48,22,48,19,46,22
2009-11-01,23,57,46,62,42,67,50,51,31,78,68,28,48,44,22,40,62,51,88,28,45,10,20,34,40,50,13,45,32,60,11,44,43,16,64,56,59,4,38,16,9,59,34,47,36,52,48,44,50,56,50,51,0,64,60,35,57,19,36,57,63,29,28,19,53,60,25,60,18,49,46,20,24,36,47,19,0,29,38,38,19,3,23,45,85,53,39,8,3,39,42,44,44,17,18,36,57,71,24,9,20,31,54,43,32,0,34,35,42,7,44,1,80,57,16,53,4,63,64,24,78,13,17,27,40,40,41,0,33,15,32,45,20,55,25,49,34
2009-12-01,31,50,42,53,45,62,68,57,27,66,64,27,50,38,5,54,59,48,95,35,48,11,0,54,31,49,12,40,38,56,8,37,28,21,43,65,61,3,32,0,18,58,31,44,32,58,44,39,40,41,46,59,0,56,50,29,54,19,33,61,61,27,15,28,44,45,21,32,18,57,54,17,25,34,49,28,14,27,46,27,26,4,46,46,82,49,35,9,3,40,39,39,45,17,21,51,50,65,22,10,21,48,58,41,28,0,30,32,38,6,47,0,81,42,14,48,4,50,65,26,70,9,16,12,48,22,38,0,33,10,26,51,9,64,19,23,32
2010-01-01,19,62,46,62,53,68,50,53,27,75,64,24,49,61,19,35,74,62,92,25,39,10,0,32,35,54,11,56,54,59,10,49,44,21,51,48,60,4,34,15,10,57,40,46,33,56,52,47,46,45,56,88,0,71,66,32,60,11,36,64,60,31,15,19,49,72,35,52,25,42,50,17,30,34,31,19,12,31,45,36,24,4,12,49,90,47,41,8,2,42,54,56,50,22,35,22,53,67,28,7,22,45,54,35,31,16,41,40,40,6,55,0,83,66,21,60,4,54,70,40,81,9,15,29,44,28,38,0,34,0,35,50,20,54,30,50,43
2010-02-01,29,60,47,60,46,65,47,54,27,71,69,22,41,55,15,32,71,59,83,24,34,0,0,29,36,54,16,46,53,60,11,40,37,20,53,48,61,3,39,0,2,58,37,44,35,56,51,46,45,46,47,78,0,68,54,31,53,23,46,59,58,27,18,17,59,68,27,54,26,39,56,22,28,29,29,17,6,27,41,82,19,4,11,38,82,51,42,6,2,41,47,49,48,24,28,20,52,67,25,9,21,32,57,36,29,0,40,35,32,6,46,0,87,52,18,43,4,52,61,55,83,12,19,31,48,27,43,0,44,15,27,55,16,52,25,42,22
2010-03-01,16,61,59,75,60,71,45,47,28,77,72,28,46,60,2,35,73,69,85,26,35,9,0,27,39,57,19,47,60,73,14,41,45,20,55,67,67,5,40,0,8,66,47,38,34,54,62,47,51,57,50,68,0,70,58,32,64,16,47,59,59,32,24,17,53,76,43,55,29,40,49,21,30,36,34,18,0,32,42,47,23,4,10,42,79,52,52,5,2,41,45,49,50,28,38,21,54,75,34,9,20,32,56,35,44,0,45,42,47,6,42,0,85,56,28,55,4,58,69,79,72,18,22,17,41,34,41,0,38,9,32,46,18,56,32,37,26
2010-04-01,22,68,59,73,52,67,43,47,27,73,65,28,50,62,7,32,71,66,81,24,32,0,89,16,40,59,15,52,54,71,16,48,52,22,53,70,68,3,40,15,7,60,34,38,34,53,60,46,48,47,56,48,0,63,53,30,55,22,44,54,69,30,17,18,61,71,23,57,35,41,49,23,30,40,32,18,13,30,42,68,24,4,10,42,81,61,48,5,2,42,44,50,51,30,43,22,55,64,22,11,20,35,51,36,33,16,43,40,49,6,55,0,82,60,32,55,5,56,66,77,75,13,18,22,35,22,37,0,41,9,33,47,36,54,30,46,65
2010-05-01,6,69,57,68,64,66,42,49,27,76,67,32,51,56,17,33,72,68,74,23,30,21,0,26,29,55,14,49,41,63,22,49,49,19,54,59,61,3,43,0,5,63,27,40,30,48,55,52,41,44,74,42,0,56,51,30,54,11,27,60,67,32,16,17,61,70,39,47,40,40,49,18,24,36,33,17,7,32,44,64,33,4,14,42,79,57,45,6,3,41,44,52,55,40,42,23,53,66,21,10,21,39,52,43,35,0,42,39,40,6,60,0,69,55,57,49,5,57,63,30,72,13,22,23,32,24,36,0,37,0,37,47,29,53,30,36,50
2010-06-01,15,68,57,66,60,60,41,45,29,74,68,26,46,56,15,32,73,67,72,21,41,0,57,28,41,55,15,54,34,68,17,45,41,21,58,54,67,5,44,0,13,69,31,38,29,56,62,53,32,46,56,52,0,62,50,33,69,9,33,71,72,31,14,17,67,72,25,39,47,38,52,19,26,35,30,17,14,31,42,26,29,5,13,58,73,58,47,10,96,41,44,56,63,54,45,24,44,67,24,9,21,33,52,39,33,35,45,44,39,5,55,0,65,55,47,60,4,59,74,30,47,14,21,8,25,21,37,0,38,5,39,50,25,54,17,37,22
2010-07-01,9,55,61,66,67,67,43,54,29,79,68,26,44,53,2,30,83,80,64,19,36,0,18,17,33,58,14,77,55,66,15,40,40,18,47,50,59,4,34,0,10,62,28,35,27,44,59,48,30,42,67,50,100,58,46,34,100,1,27,67,61,35,23,17,51,62,27,34,60,35,53,26,24,39,33,17,13,35,39,44,24,7,11,59,75,55,49,5,38,45,45,70,65,89,55,27,54,65,18,13,21,38,53,42,32,0,48,42,25,5,43,0,54,50,60,51,4,51,76,25,33,17,18,26,30,24,36,0,40,0,36,50,14,48,20,34,38
2010-08-01,19,73,63,68,71,71,47,50,31,74,71,15,41,59,9,31,81,76,67,21,33,0,17,35,33,58,16,84,58,73,13,39,42,18,52,59,56,3,35,15,9,62,28,39,27,57,58,48,34,40,62,44,0,54,56,34,61,6,39,64,63,34,34,17,64,60,36,46,49,32,50,24,25,37,31,17,6,34,45,55,22,6,11,56,80,50,51,11,2,44,50,72,57,56,42,28,53,68,22,19,21,42,63,39,33,16,47,39,17,5,39,0,49,53,40,50,4,56,80,23,89,14,22,11,29,23,36,0,43,5,34,47,14,45,27,36,24
2010-09-01,5,75,54,64,58,67,48,46,29,78,70,18,38,60,2,32,70,67,70,24,34,9,17,36,29,54,16,73,49,66,12,35,38,19,51,61,62,3,33,29,4,59,32,45,32,63,58,44,33,46,66,40,0,54,68,32,47,8,36,56,60,29,26,17,53,61,35,48,29,32,42,21,22,31,32,17,6,29,45,70,26,14,10,46,75,53,47,6,3,41,53,49,46,26,27,25,50,66,22,13,20,54,61,38,29,16,40,40,27,5,36,0,48,48,25,62,4,56,74,22,81,22,21,28,31,19,37,0,37,4,39,42,19,46,22,27,45
2010-10-01,15,62,51,59,52,59,51,47,28,69,69,22,35,51,6,33,63,57,70,26,33,0,16,25,30,51,16,47,43,58,10,41,41,17,47,59,62,3,29,54,15,61,32,40,33,52,50,46,42,48,63,45,44,55,58,32,47,13,37,55,61,30,5,17,58,54,18,48,20,31,45,21,24,31,34,17,12,30,48,44,25,17,13,47,74,50,43,5,2,38,48,44,42,20,19,24,47,59,19,9,21,34,57,42,29,0,36,38,33,6,38,2,46,47,19,45,4,53,79,22,77,15,22,7,39,26,36,0,45,13,35,44,5,44,24,21,43
2010-11-01,17,57,51,53,51,61,49,51,30,75,65,30,38,45,8,41,64,56,68,30,44,9,16,36,32,51,13,42,42,53,10,41,37,18,58,61,59,5,31,13,9,61,30,40,34,54,52,42,40,53,52,46,0,57,56,33,47,8,31,54,60,33,37,18,67,56,26,44,16,38,47,21,27,33,52,19,0,34,39,65,21,18,26,39,74,51,39,7,2,40,50,38,39,16,17,37,47,65,26,10,22,33,67,41,28,0,33,40,45,6,39,1,45,44,20,49,5,54,82,23,77,20,28,6,27,29,35,0,45,24,33,45,11,50,24,31,30
2010-12-01,8,52,43,40,43,55,65,52,30,64,58,30,36,38,9,48,58,47,76,34,56,18,0,20,25,51,13,45,34,45,8,32,31,22,49,64,59,3,22,28,7,56,32,41,28,56,44,40,31,39,40,52,0,52,49,33,62,20,24,54,56,26,16,31,50,36,22,36,14,46,44,18,17,28,51,30,0,27,44,28,23,21,46,45,69,40,34,9,2,38,45,35,38,17,23,48,47,63,17,9,23,40,62,41,22,0,29,37,31,6,40,0,45,36,14,43,4,44,84,26,62,15,22,7,30,22,36,0,37,4,32,43,15,52,24,17,25
2011-01-01,10,65,48,60,45,52,52,49,35,71,61,24,36,50,6,36,70,59,71,27,44,0,0,36,22,43,12,43,23,44,9,33,35,21,52,47,56,4,31,21,10,52,39,41,27,54,51,43,32,44,54,81,0,71,56,36,20,11,41,60,57,29,25,23,57,66,41,44,21,34,48,19,24,33,32,23,4,29,37,38,18,26,12,33,72,41,36,4,2,39,73,58,39,20,34,23,47,65,26,10,21,49,62,31,33,11,38,31,44,7,41,0,45,48,21,41,5,41,81,31,79,18,20,20,21,16,37,0,40,3,34,46,13,48,16,29,35
2011-02-01,10,60,48,66,47,49,49,51,33,68,56,12,35,49,12,33,70,61,65,26,32,7,26,31,25,42,12,32,34,46,10,40,36,24,51,45,58,8,32,22,8,63,45,45,30,53,47,50,38,45,52,69,0,68,48,36,15,11,34,63,62,27,30,24,48,64,30,52,24,35,52,20,25,28,35,24,19,26,39,59,18,23,12,38,63,43,37,7,2,37,55,46,41,21,31,18,51,67,21,8,22,27,58,37,31,12,38,33,33,7,51,0,43,49,22,39,5,46,82,57,84,23,25,19,28,26,38,0,54,14,29,53,17,49,27,28,28
2011-03-01,4,60,51,71,53,53,45,45,33,69,61,17,37,48,5,34,67,60,64,26,29,13,24,24,25,43,11,34,34,55,11,38,35,23,58,60,63,8,32,10,4,59,37,52,30,49,59,51,38,49,48,51,0,70,48,35,14,11,41,64,58,27,17,24,56,67,32,48,23,36,51,20,28,34,38,24,0,27,35,45,22,30,10,34,65,46,40,7,2,39,56,45,41,22,32,19,45,64,19,10,22,27,58,37,33,0,40,37,43,6,76,1,42,55,27,35,5,48,82,77,74,22,27,15,19,25,39,0,45,6,31,51,15,50,26,32,45
2011-04-01,2,66,57,77,53,42,45,47,31,63,56,39,41,56,8,35,65,61,65,26,28,0,12,18,25,42,11,39,36,56,13,38,42,23,55,68,57,11,37,0,9,65,31,51,28,52,56,51,38,43,43,38,0,66,46,33,13,15,31,70,65,29,24,22,48,61,24,40,28,37,47,21,25,36,34,22,0,29,40,30,26,27,11,34,65,54,45,7,2,39,56,97,42,23,34,23,46,65,15,10,23,31,55,34,32,0,42,35,37,5,44,3,42,50,24,34,4,46,87,72,82,22,26,43,30,18,41,0,51,13,32,45,19,48,28,39,48
2011-05-01,17,68,56,71,59,47,41,49,32,67,54,40,44,51,8,35,66,62,61,25,30,7,0,29,21,42,12,40,24,53,19,42,40,24,60,69,55,12,37,62,5,61,26,54,24,52,57,52,36,42,43,32,34,66,43,34,15,14,31,74,66,33,30,28,48,62,29,36,33,36,47,18,21,34,35,28,9,33,39,30,36,24,13,40,61,54,42,5,2,39,51,72,42,30,40,26,47,60,19,11,22,28,53,34,41,0,41,39,33,5,50,6,44,48,37,44,3,41,83,31,69,21,23,28,26,24,39,0,47,3,28,47,29,51,24,36,45
2011-06-01,10,69,56,70,59,47,41,48,33,74,58,23,41,50,3,33,70,64,60,24,29,0,38,29,21,44,11,52,19,55,18,43,49,24,51,62,56,5,42,33,3,62,29,59,27,56,56,53,33,40,55,37,0,64,42,35,15,13,28,75,62,34,14,46,49,57,31,36,41,37,53,22,19,31,37,46,5,34,43,31,29,30,13,46,60,52,39,9,3,41,51,52,50,43,46,27,46,62,16,10,23,27,56,31,29,0,40,36,32,5,38,0,47,47,49,41,3,44,78,25,46,20,29,32,20,16,35,0,52,13,32,49,28,63,22,45,25
2011-07-01,23,56,57,71,71,55,47,53,34,70,56,34,41,55,12,33,80,72,59,23,30,0,27,30,24,45,13,57,29,53,14,34,51,22,47,50,52,7,38,23,4,55,28,62,26,67,59,59,28,36,58,47,0,66,41,37,18,3,17,73,61,33,20,22,48,51,27,29,56,39,58,23,26,42,41,22,19,33,40,32,32,30,11,52,66,51,44,8,5,42,52,64,58,79,56,31,43,68,19,14,24,28,55,34,26,12,45,39,32,5,49,0,46,50,72,38,3,41,84,24,35,27,25,6,17,19,36,0,54,3,33,55,25,49,18,34,28
2011-08-01,47,65,56,73,68,55,47,50,35,72,55,34,39,48,13,35,71,66,60,25,32,7,12,42,22,48,12,66,35,55,11,36,47,24,54,65,52,7,33,11,11,58,28,57,23,62,58,56,32,33,63,44,34,62,46,36,15,7,29,79,61,37,34,22,57,54,28,36,48,35,50,23,26,39,32,21,13,37,38,26,26,29,12,53,66,49,41,4,3,42,52,87,49,52,40,32,49,62,19,20,23,36,60,34,28,0,44,38,37,9,62,0,44,53,46,43,5,41,85,23,89,23,30,18,14,13,38,0,49,10,30,48,17,48,13,40,48
2011-09-01,25,77,52,67,58,56,49,49,34,73,61,31,34,50,8,35,62,57,62,27,33,0,36,35,24,44,13,61,27,52,10,36,31,23,53,70,58,8,35,10,8,58,29,64,30,69,54,54,39,47,63,41,0,61,62,36,17,7,31,73,59,35,21,22,58,56,26,40,29,36,49,21,19,31,28,21,4,35,33,59,26,32,11,45,64,47,39,12,4,38,60,50,39,24,24,33,48,63,21,14,22,50,62,33,31,0,38,36,32,5,44,1,42,52,31,52,4,42,81,22,78,27,28,23,15,22,35,0,49,3,31,47,15,49,23,23,30
2011-10-01,23,58,49,62,53,45,56,48,33,67,57,41,33,46,7,35,57,51,58,30,32,13,34,35,24,41,11,44,23,48,11,42,36,20,58,66,64,8,31,19,7,52,32,61,30,61,50,51,39,48,59,41,0,58,51,34,16,16,25,67,57,33,16,21,55,51,19,49,20,33,49,27,21,29,35,21,4,33,40,23,23,36,14,44,63,46,35,7,3,37,56,51,36,17,20,33,47,57,16,11,24,27,58,36,27,0,35,32,42,7,43,2,39,52,19,37,4,43,83,20,74,25,27,14,20,22,35,0,45,12,36,47,15,46,23,45,43
2011-11-01,42,56,46,56,45,43,52,49,34,65,53,17,32,37,12,42,54,48,53,34,43,6,22,31,26,40,14,38,31,43,10,37,30,19,63,64,62,5,29,0,1,60,29,61,31,63,50,50,43,46,55,46,0,61,50,35,18,11,28,65,59,33,29,24,51,50,27,48,14,36,52,24,25,31,52,24,4,33,35,42,23,32,26,36,63,46,32,5,2,39,63,40,30,14,18,43,50,55,14,10,25,26,64,35,25,0,31,33,48,5,41,1,37,50,16,38,4,46,89,21,73,26,33,9,13,26,32,0,50,20,40,50,12,49,26,36,38
2011-12-01,30,49,43,45,45,40,70,54,33,62,51,24,31,29,6,43,50,42,57,35,57,13,0,33,19,39,8,34,18,40,8,31,32,21,53,62,48,5,26,19,5,52,26,63,26,66,37,44,31,39,48,45,0,58,41,33,17,18,20,71,53,26,21,35,48,39,21,39,15,55,51,22,20,29,57,35,16,26,32,23,21,37,47,41,60,41,29,6,2,38,55,33,31,15,18,52,49,58,13,12,27,38,67,35,22,0,28,26,38,5,47,0,34,38,13,34,3,35,92,22,61,24,29,12,15,18,36,0,54,12,32,49,13,51,20,29,22
2012-01-01,21,61,44,52,46,47,53,46,35,69,58,19,32,50,8,31,64,53,57,26,37,6,0,34,27,43,12,49,21,49,9,36,30,24,62,53,60,5,30,9,8,53,38,63,28,59,50,48,34,40,49,62,0,71,51,38,18,11,30,82,56,29,26,24,59,58,29,43,22,32,52,36,20,26,29,24,4,29,33,42,26,45,14,40,72,41,33,7,2,40,86,64,33,19,33,32,48,56,100,12,26,39,61,31,30,9,38,29,36,5,44,0,35,54,20,40,4,39,84,29,70,24,33,25,23,14,32,0,54,5,39,50,11,44,25,33,33
2012-02-01,22,59,47,55,52,47,54,50,35,71,58,28,29,46,4,28,67,59,50,23,28,0,22,33,22,43,13,37,31,47,9,40,31,26,62,56,62,7,31,0,4,58,40,65,29,59,50,53,42,49,49,51,0,67,47,37,15,16,25,74,58,28,20,22,54,65,20,46,24,32,50,26,21,27,62,22,4,27,41,41,24,44,14,35,60,38,33,8,2,39,74,51,34,20,31,28,49,58,26,12,27,24,60,36,25,10,37,31,33,6,40,0,35,56,21,31,4,46,86,60,81,28,37,16,21,18,34,0,63,11,39,48,12,44,22,30,44
2012-03-01,32,61,54,57,56,40,47,47,34,68,56,18,31,49,9,28,61,54,49,23,27,6,30,33,26,42,15,40,30,53,11,39,36,22,61,67,62,8,29,17,3,61,29,64,28,68,53,53,50,44,60,45,0,63,45,36,14,18,27,78,54,32,20,21,57,57,25,46,24,30,55,23,24,34,33,21,14,32,38,49,26,48,12,38,63,48,37,5,2,40,72,47,34,22,30,28,48,56,21,12,27,26,58,34,32,9,41,33,32,6,39,0,36,56,28,32,4,44,88,69,69,31,34,29,17,23,33,0,63,16,33,54,18,44,16,32,40
2012-04-01,17,74,57,58,57,43,52,47,35,66,53,29,32,53,10,28,59,55,46,23,27,0,10,29,24,43,14,41,35,54,15,39,41,21,64,74,60,10,32,0,5,56,27,66,26,66,54,55,37,43,51,36,0,61,42,35,16,22,24,82,68,33,24,23,59,57,26,42,28,31,52,29,18,37,29,23,8,33,40,36,28,51,13,42,61,55,38,6,2,40,67,48,36,25,33,29,44,64,19,14,27,28,57,36,30,0,42,35,41,6,39,1,35,50,28,28,3,41,91,72,71,27,36,37,24,12,34,0,62,3,38,50,26,42,23,36,52
2012-05-01,37,69,58,55,61,45,48,49,34,68,63,7,34,47,16,27,59,55,45,23,26,17,10,26,23,44,12,44,23,59,23,41,45,25,65,72,57,8,34,9,4,62,26,68,25,67,54,58,33,40,66,29,0,56,41,37,14,7,21,83,65,35,15,22,61,57,28,42,37,32,52,23,16,36,35,21,4,35,40,50,32,46,15,47,58,57,37,6,2,40,66,53,39,32,39,30,47,65,19,13,26,29,59,33,35,0,42,33,39,6,36,0,34,49,46,37,5,43,88,26,71,30,34,19,14,16,31,0,55,29,35,51,37,43,20,37,53
2012-06-01,19,69,57,54,59,47,49,49,34,70,56,21,33,43,13,28,64,59,46,22,27,18,0,20,20,44,13,46,21,58,17,39,44,25,64,66,55,7,32,18,4,60,26,66,25,72,56,58,32,37,50,35,0,55,39,35,12,5,26,86,58,36,14,22,57,54,22,39,39,34,54,24,24,42,31,22,4,36,43,48,30,50,16,56,57,51,37,11,4,40,60,58,42,45,42,31,44,66,17,16,26,26,61,35,26,0,43,37,29,5,44,0,37,50,54,38,4,43,89,23,48,34,44,7,15,18,35,0,52,14,33,53,27,42,21,34,43
2012-07-01,29,58,59,56,67,52,54,53,38,69,58,23,31,49,9,27,73,65,44,21,30,12,22,35,22,45,12,62,33,65,13,36,42,21,66,60,51,6,33,0,4,64,30,69,26,75,58,58,28,38,62,39,0,56,39,39,16,4,25,88,55,38,9,21,53,53,24,39,58,32,59,24,25,40,30,21,0,38,39,53,25,50,13,57,59,53,38,7,3,44,58,65,51,72,52,35,47,73,16,18,27,28,64,35,25,20,47,38,25,5,41,0,36,55,69,49,3,41,93,22,31,36,36,18,16,14,38,0,57,6,40,59,17,43,19,38,67
2012-08-01,18,68,58,56,75,53,57,53,36,70,58,24,33,47,19,28,68,65,44,25,31,18,21,42,20,46,11,70,28,63,12,34,34,22,60,74,50,7,32,9,6,61,24,72,24,77,57,57,28,36,63,37,0,53,44,37,14,4,24,91,63,38,35,22,59,52,21,38,45,33,50,24,18,42,35,22,8,38,40,36,26,52,14,61,64,46,38,5,4,44,59,66,48,58,41,34,46,67,17,29,28,35,67,32,25,0,48,41,25,5,43,0,35,51,53,41,3,40,94,21,79,31,36,13,27,13,39,0,57,3,35,52,13,42,24,36,42
2012-09-01,14,73,55,53,58,46,56,48,35,69,64,15,29,46,9,28,58,53,49,25,28,0,10,31,20,42,14,64,18,57,12,36,31,22,52,74,59,9,30,0,3,57,29,77,29,72,52,50,36,55,61,35,0,54,56,37,14,8,32,65,60,38,25,22,62,49,26,44,30,31,51,23,22,32,28,21,0,38,50,42,32,55,13,54,60,49,36,9,6,41,75,55,35,24,26,33,46,65,20,21,27,47,66,32,26,9,39,33,32,6,43,1,32,52,33,41,3,36,91,20,74,33,39,17,26,21,34,0,80,5,48,50,15,41,21,29,37
2012-10-01,17,56,49,49,53,41,63,47,34,65,60,17,28,37,2,30,52,47,46,28,34,0,0,29,22,41,14,40,31,55,11,40,31,25,57,74,58,8,29,8,7,59,29,88,28,66,50,56,37,91,45,42,0,52,46,39,14,9,31,59,58,35,25,23,59,49,24,42,18,28,52,22,19,31,27,23,3,35,42,47,24,57,15,48,64,51,32,5,5,39,73,49,31,17,19,29,47,64,17,14,27,24,64,31,22,0,34,35,32,6,42,1,33,51,23,33,4,38,83,20,77,34,37,17,18,22,34,0,66,19,41,51,7,40,18,39,44
2012-11-01,37,57,49,48,49,45,59,50,36,67,63,23,31,37,16,40,50,46,46,34,47,5,19,31,21,42,16,35,24,52,10,42,39,27,68,72,66,6,28,0,2,59,27,94,29,63,48,53,36,96,50,46,0,56,45,40,15,6,26,61,57,36,19,26,59,47,24,51,14,40,51,23,23,32,47,26,3,35,49,26,27,60,28,44,64,52,31,5,3,40,76,38,30,15,20,43,47,61,14,15,27,23,66,40,23,0,32,29,39,7,48,5,34,49,22,31,4,39,94,21,73,39,37,12,21,19,32,0,66,7,41,50,11,44,21,32,40
2012-12-01,33,51,45,40,43,38,80,50,36,63,49,33,29,27,5,39,48,41,47,33,50,5,19,31,15,37,11,33,20,39,8,32,27,24,58,68,49,6,22,0,5,51,25,96,22,75,38,44,31,48,38,47,0,47,37,39,13,10,20,68,59,30,27,38,52,33,20,41,13,50,51,26,15,26,52,38,3,30,49,23,23,71,57,45,56,40,27,7,4,41,67,33,30,16,20,54,49,58,13,16,29,31,69,33,18,0,28,25,27,6,46,0,32,35,21,30,3,29,90,22,62,30,32,10,22,12,34,0,59,5,34,49,13,47,17,31,27
2013-01-01,26,61,48,43,50,49,61,47,38,64,58,20,29,39,7,27,62,53,46,25,39,14,26,35,23,43,15,65,27,54,10,37,29,25,65,58,60,5,27,0,5,60,32,99,32,74,52,55,36,56,49,68,24,63,51,49,16,15,25,71,58,34,21,26,61,54,36,44,21,32,51,23,22,25,26,26,3,34,37,59,24,72,15,47,74,41,31,5,3,41,95,60,34,18,32,30,42,61,20,15,30,42,67,28,20,0,42,33,34,10,42,0,34,50,26,40,4,35,91,33,71,39,39,14,16,19,33,0,80,20,45,51,10,43,17,49,36
2013-02-01,21,59,48,47,53,44,60,50,37,63,54,17,29,42,7,25,60,52,44,23,38,0,0,31,19,41,14,43,34,56,9,35,28,31,68,57,59,7,30,32,6,57,40,96,30,58,49,52,37,55,53,60,0,58,43,42,13,11,31,68,56,31,20,25,51,51,21,41,23,31,58,25,21,26,29,24,3,31,43,48,29,68,15,41,57,39,31,8,3,40,82,50,33,19,28,26,46,66,34,15,31,23,68,29,26,0,40,29,31,8,40,0,33,51,29,34,5,39,89,57,72,40,39,15,19,17,34,0,78,2,41,57,14,41,18,42,34
2013-03-01,12,61,53,59,61,43,59,47,35,66,58,18,35,42,11,29,59,54,43,26,39,10,17,28,19,43,18,33,30,62,13,38,37,29,57,69,58,6,32,0,5,61,30,97,28,41,51,53,38,57,50,52,0,56,44,42,12,15,23,74,61,34,18,24,53,49,20,43,23,39,55,24,16,30,33,24,3,34,41,62,21,68,13,45,68,43,37,7,4,42,90,48,36,22,32,29,46,66,20,16,31,19,67,31,25,16,50,32,32,6,44,0,34,60,33,36,4,37,91,77,62,40,39,19,14,23,36,0,77,11,38,56,15,43,25,30,67
2013-04-01,17,66,56,59,61,41,54,45,36,68,56,33,37,45,9,30,56,53,39,26,35,14,34,25,17,45,17,40,34,66,15,39,42,25,61,74,62,6,38,0,4,60,28,97,27,48,55,61,38,55,62,39,0,56,42,43,13,19,28,70,70,37,24,25,60,52,25,42,27,36,57,23,24,28,27,25,0,37,41,38,26,62,13,49,66,51,37,7,2,42,85,47,33,21,30,28,41,73,16,17,29,23,68,30,24,0,51,34,36,6,55,0,33,57,36,37,4,39,88,80,66,40,42,40,19,48,31,32,69,16,41,55,26,44,22,42,67
2013-05-01,11,65,57,59,66,40,51,49,36,66,57,17,40,49,4,29,55,52,36,26,60,10,34,26,15,43,15,42,32,65,24,43,45,30,64,71,55,6,38,0,4,63,22,100,24,37,55,61,31,47,58,29,0,52,37,45,12,50,25,78,65,39,12,23,50,51,33,41,36,45,55,24,15,28,31,23,6,39,47,45,36,60,15,47,53,60,35,7,3,41,76,51,38,31,36,32,40,75,20,16,31,21,68,32,24,8,50,36,25,6,52,1,33,51,42,36,4,38,87,27,62,40,40,18,16,20,31,0,63,7,37,55,33,42,19,34,71
2013-06-01,8,64,61,61,64,41,54,50,36,66,56,11,37,43,5,28,60,54,40,24,56,5,18,25,18,42,13,50,23,63,20,35,43,32,60,64,55,6,34,0,4,56,23,99,25,32,54,62,29,33,57,32,0,51,37,44,12,42,23,74,66,38,21,23,54,47,23,37,39,39,57,25,17,26,41,22,3,38,45,53,30,66,17,55,60,52,37,5,6,43,75,63,43,49,39,32,41,76,15,17,29,21,62,35,22,0,53,41,23,6,50,0,33,52,51,39,4,34,84,23,44,39,47,7,18,18,30,0,57,7,39,58,22,41,12,37,48
2013-07-01,19,54,62,60,70,50,55,50,40,68,66,16,38,45,6,27,67,60,40,23,36,5,0,28,21,46,15,55,27,68,15,33,41,30,64,59,51,9,37,15,4,65,26,94,21,38,58,62,26,34,44,40,0,53,36,49,12,7,22,80,62,41,20,24,54,46,22,38,53,42,63,23,24,33,79,24,3,42,41,37,40,66,14,56,64,54,38,8,3,46,75,63,53,69,52,35,43,71,17,22,28,21,66,33,25,0,58,43,20,6,62,0,32,54,66,41,4,34,89,22,32,46,46,11,13,12,35,0,74,2,42,62,21,43,17,34,46
2013-08-01,11,64,61,62,68,49,59,53,38,64,55,17,36,44,7,30,67,61,42,26,40,10,9,36,15,45,13,63,22,65,14,33,38,31,64,70,53,7,34,7,3,60,23,92,20,35,57,58,28,30,36,41,0,49,40,46,10,3,19,73,65,41,21,24,56,43,19,39,48,47,56,27,20,33,34,24,3,41,42,36,30,77,16,58,73,53,38,8,3,45,76,62,47,60,37,34,44,71,19,40,30,30,72,31,17,8,54,40,21,6,50,0,31,58,44,42,4,33,89,19,72,39,44,11,10,12,31,0,66,2,41,55,18,42,20,39,44
2013-09-01,8,69,56,58,62,52,60,47,39,65,60,14,34,41,8,31,54,47,45,30,42,0,8,28,13,42,14,61,22,59,13,37,39,29,65,72,59,7,32,7,5,68,25,87,24,30,54,59,33,40,47,35,23,47,51,48,11,10,26,64,63,41,20,23,53,45,25,49,27,47,59,29,16,26,34,23,9,41,34,32,26,71,14,57,68,48,35,9,7,40,87,52,32,21,23,34,43,65,23,22,29,40,65,30,21,0,44,38,27,6,54,0,31,55,30,32,4,33,84,19,64,40,45,16,19,10,29,0,62,0,46,60,10,41,18,33,45
2013-10-01,6,54,54,57,56,45,63,47,41,61,61,15,32,38,4,33,49,45,43,33,39,13,24,31,15,41,13,38,23,52,12,44,37,33,65,67,63,5,29,20,3,64,27,86,30,28,51,61,36,43,46,38,0,51,44,49,12,27,18,57,60,40,19,23,55,42,27,42,18,53,58,23,17,25,37,23,0,40,39,49,24,70,16,48,65,49,34,5,4,41,78,47,30,17,19,32,44,71,15,16,30,20,69,35,24,0,38,35,33,7,47,1,28,53,23,32,5,34,83,19,61,46,54,13,12,18,27,0,68,14,44,59,10,40,18,32,50
2013-11-01,18,52,50,53,42,43,57,49,37,62,58,11,37,34,6,47,49,42,42,41,75,9,0,42,14,44,14,34,17,54,10,39,33,36,68,72,64,5,31,7,5,63,26,87,27,27,49,58,33,41,38,41,0,49,40,46,13,13,24,59,57,41,15,25,57,41,28,39,13,72,55,27,19,27,59,25,0,42,40,41,24,75,27,46,73,51,31,7,4,39,79,33,28,14,18,50,39,64,15,19,32,21,68,38,23,0,34,33,32,7,42,1,27,51,21,33,5,35,91,20,57,40,52,20,15,19,28,0,77,0,44,55,13,45,23,30,38
2013-12-01,23,48,49,51,43,38,80,49,40,63,54,21,37,28,4,53,48,39,42,47,67,9,8,45,14,41,12,34,14,48,9,32,29,39,56,70,53,4,26,0,5,55,27,82,23,32,43,52,29,30,38,52,0,47,34,47,11,12,18,70,67,36,20,44,40,32,14,38,12,94,58,28,17,23,59,44,6,36,42,26,31,95,63,48,64,42,27,6,5,40,71,30,29,15,19,70,41,62,14,20,31,28,78,37,21,8,29,27,30,6,41,0,27,40,19,32,4,27,96,21,49,37,44,9,14,13,31,0,74,7,39,55,7,54,19,26,41
2014-01-01,15,60,53,58,57,50,63,48,47,66,57,22,36,37,7,36,60,49,42,36,43,4,8,37,15,51,15,44,29,64,10,37,38,34,65,58,59,6,29,0,5,64,33,81,28,30,55,60,37,41,45,72,0,63,47,56,14,19,22,69,67,37,31,30,53,48,35,42,20,63,66,28,22,22,36,30,6,37,46,49,30,100,17,48,73,47,34,4,4,42,100,62,37,18,30,37,42,68,23,18,35,33,73,32,29,0,48,37,33,8,43,0,28,54,27,36,5,34,92,34,58,45,51,16,11,15,31,0,84,4,48,65,12,49,19,41,39
2014-02-01,11,56,53,58,54,49,61,51,41,66,57,19,36,39,12,35,59,49,38,32,39,10,17,43,16,46,16,32,35,57,10,40,36,35,83,54,58,7,31,0,9,64,32,78,26,30,50,62,36,41,41,59,0,62,40,51,13,12,24,66,55,38,30,26,54,47,27,45,23,60,62,25,19,21,31,26,0,38,41,30,25,87,17,41,62,38,32,8,3,41,89,49,33,19,29,33,39,68,18,19,35,22,73,36,29,8,50,37,27,8,42,0,25,52,28,29,5,36,89,63,66,51,56,7,14,23,33,32,84,5,43,61,15,46,18,38,53
2014-03-01,11,60,59,65,61,49,61,48,45,64,62,20,41,43,7,35,61,49,38,31,44,13,31,55,16,54,18,41,35,73,12,41,43,38,77,67,63,8,35,7,9,68,39,78,26,32,55,64,38,43,43,49,0,56,41,52,11,17,19,77,60,40,27,26,61,47,24,44,23,60,63,26,25,24,36,26,3,40,43,37,28,82,15,43,72,44,38,8,3,44,90,50,36,21,32,35,39,76,16,20,38,21,71,32,25,0,56,37,27,7,69,1,27,61,30,33,5,34,89,88,54,50,49,21,12,18,29,0,87,6,43,60,19,48,19,33,46
2014-04-01,10,67,64,71,62,46,56,48,45,65,57,17,43,44,2,35,57,48,36,31,35,4,40,52,13,50,13,40,37,70,16,42,46,40,68,74,65,10,37,7,5,65,29,78,27,32,57,64,36,42,40,38,22,55,38,52,12,20,19,72,71,44,18,28,53,47,26,40,27,61,64,31,20,27,34,28,3,44,43,50,30,77,15,44,70,67,40,6,3,43,83,49,37,23,32,39,35,81,15,21,37,24,68,34,28,7,57,39,36,7,54,1,26,60,31,38,4,35,93,79,56,52,60,25,19,17,31,0,86,15,46,67,26,49,19,41,83
2014-05-01,16,67,65,69,69,46,52,53,45,67,58,19,46,44,11,34,57,51,34,30,31,5,25,42,15,51,17,43,38,72,27,46,48,39,78,74,59,8,42,0,6,68,24,78,24,35,59,68,33,39,42,33,0,53,36,53,11,12,22,73,80,48,26,26,59,46,25,46,36,68,69,26,21,26,34,26,9,48,44,53,40,70,17,51,69,67,39,5,5,46,81,62,39,32,36,41,35,77,16,20,36,25,71,34,32,8,55,39,28,7,51,1,28,59,42,37,4,35,94,41,53,50,58,10,13,16,26,0,90,9,47,65,31,46,22,49,47
2014-06-01,14,63,65,68,69,46,49,49,42,68,61,14,45,47,8,35,60,52,33,30,31,16,29,44,17,48,17,51,26,69,22,70,53,35,76,66,56,9,44,8,7,69,28,74,22,45,58,72,31,34,38,36,0,52,35,51,12,4,21,74,72,47,20,25,52,42,23,42,45,63,69,28,14,27,37,25,0,47,46,60,31,77,19,57,57,60,40,9,100,48,69,58,48,51,41,43,34,76,15,19,35,19,69,32,24,0,56,42,25,7,56,3,26,55,56,34,4,36,90,24,36,55,62,12,17,13,26,0,87,5,43,69,32,48,19,38,66
2014-07-01,18,56,67,71,79,52,52,56,45,70,86,18,47,49,9,36,69,58,33,30,32,0,9,55,16,53,18,58,34,73,16,53,43,39,79,61,53,8,42,0,3,70,23,71,23,34,61,71,27,34,39,44,0,56,32,54,11,3,17,77,68,50,20,29,63,42,26,38,55,67,64,30,20,32,40,29,3,50,55,52,34,78,16,64,66,57,39,9,59,49,69,65,58,73,54,45,40,84,18,32,35,28,75,35,23,9,60,46,20,7,59,0,26,61,66,33,5,35,91,24,30,54,65,10,17,12,31,0,82,10,47,64,28,50,18,50,48
2014-08-01,22,68,68,71,72,52,57,57,44,67,69,16,47,46,5,39,69,61,35,34,38,16,19,79,17,50,12,64,29,79,15,46,48,40,76,71,54,6,36,0,3,65,27,72,21,29,59,66,29,29,37,41,0,48,37,53,10,4,24,76,73,48,19,26,49,39,31,41,52,71,66,29,19,33,37,26,0,48,69,49,39,80,17,63,74,52,42,8,6,50,75,64,51,65,40,45,35,77,17,52,36,36,79,34,25,0,56,44,18,7,63,0,24,60,51,35,4,31,93,22,69,51,58,4,13,9,29,0,81,5,43,66,15,49,21,45,47
2014-09-01,7,73,60,69,63,54,56,50,48,72,67,19,46,42,5,40,56,49,38,38,39,5,54,79,21,52,19,59,39,72,13,47,41,39,73,74,63,6,35,0,2,68,28,88,26,30,56,70,40,42,41,40,0,52,51,56,10,5,28,65,68,50,21,27,63,43,28,46,30,67,61,31,16,25,36,27,0,50,42,47,33,81,16,61,76,55,37,10,9,44,81,62,36,24,24,43,35,71,19,30,32,40,78,33,25,8,52,40,27,8,71,1,26,59,31,36,4,36,96,22,64,56,63,11,18,15,26,0,81,9,45,62,17,50,18,43,57
2014-10-01,15,57,54,63,53,49,63,51,47,65,65,18,40,36,10,40,51,43,35,40,32,0,50,62,18,54,18,37,24,68,13,50,41,38,69,69,61,9,32,7,8,73,27,86,27,28,55,69,37,41,37,43,0,53,40,56,10,12,19,63,73,47,18,27,60,39,26,55,18,70,60,31,19,26,40,27,3,47,38,41,32,74,17,52,73,54,33,6,5,42,75,46,32,18,20,40,34,74,19,21,37,22,76,34,24,0,44,38,28,8,58,3,26,58,20,32,5,36,91,23,59,56,63,12,17,22,24,0,92,4,47,60,13,47,18,38,47
2014-11-01,3,54,55,60,48,50,60,54,44,64,63,10,49,33,5,65,48,40,36,56,50,15,43,68,20,49,16,34,24,63,11,46,28,40,78,74,60,9,31,0,5,69,27,80,28,24,52,68,38,43,36,49,0,49,38,53,11,16,22,57,68,50,30,29,63,37,19,45,13,88,69,25,20,25,78,28,6,50,41,54,31,77,31,54,76,51,32,7,4,43,80,36,30,15,17,58,36,69,14,24,40,22,78,36,22,8,37,36,33,7,49,1,24,53,22,28,5,33,98,24,59,53,59,5,15,19,26,0,92,14,49,65,9,52,17,35,35
2014-12-01,14,49,49,53,46,43,77,56,46,62,59,13,46,29,5,58,46,38,37,50,71,5,0,70,16,46,15,30,18,57,9,47,31,45,64,66,51,16,29,7,3,64,25,77,22,24,46,61,30,32,38,50,0,48,33,54,11,11,20,69,64,40,25,43,51,27,17,38,13,94,64,29,17,24,74,42,16,40,37,72,33,85,73,52,61,48,28,6,5,43,71,29,30,17,20,72,38,68,13,27,38,34,83,32,17,0,31,35,32,8,58,0,22,42,19,31,5,28,100,23,44,48,53,7,18,17,26,0,81,9,42,63,16,58,19,35,50
2015-01-01,16,58,53,57,51,50,59,50,54,67,60,15,43,39,11,40,60,46,36,38,41,9,8,65,19,53,16,48,34,62,11,47,32,43,72,58,57,16,34,0,4,63,32,75,24,26,52,63,34,38,35,63,0,59,41,59,13,11,23,65,60,42,22,29,55,42,26,46,20,73,68,28,21,26,35,29,12,42,47,55,29,85,19,47,73,47,31,5,6,43,97,58,33,19,29,39,35,65,20,24,39,30,74,30,25,0,48,37,41,8,60,0,24,56,26,35,5,32,91,36,56,56,56,8,12,15,28,0,91,8,52,68,13,50,17,41,49
2015-02-01,14,59,55,63,51,51,58,54,48,66,58,20,39,40,9,35,60,50,36,35,33,5,18,62,18,52,19,39,37,65,11,42,32,44,66,55,58,10,33,0,10,72,43,76,26,24,54,65,39,43,39,58,0,58,39,55,14,11,26,68,66,41,31,28,65,43,26,47,22,67,65,27,17,24,46,28,0,41,43,43,34,83,18,47,66,48,32,7,5,45,83,49,34,20,29,35,40,70,16,26,35,22,78,29,23,0,48,36,34,8,52,0,25,57,28,32,5,34,89,68,61,62,66,5,17,14,28,0,94,9,49,65,10,49,19,39,51
2015-03-01,15,59,61,65,63,49,53,50,52,67,62,25,41,46,5,37,59,50,33,35,31,5,16,55,18,56,18,42,40,74,13,45,40,42,81,66,66,9,37,7,3,73,31,74,24,29,56,69,36,42,35,51,0,58,41,58,14,17,24,66,71,45,26,29,58,44,34,47,25,62,72,27,24,23,38,29,3,45,56,56,34,80,16,49,73,49,35,7,5,46,85,45,37,23,32,37,33,79,18,25,38,19,76,37,26,0,57,40,34,8,60,0,25,64,31,37,5,37,90,95,53,62,71,32,14,16,26,30,100,15,51,70,18,49,20,38,64
2015-04-01,17,64,67,67,67,48,49,48,50,66,63,19,44,45,12,36,54,47,31,34,28,0,24,47,17,56,19,40,34,83,19,45,41,37,69,72,60,7,41,0,4,74,28,76,22,23,57,70,33,40,37,35,23,55,35,56,12,23,22,72,76,48,23,28,57,42,26,39,28,64,66,29,18,25,41,28,9,48,46,54,48,74,17,43,68,65,39,10,4,44,79,46,34,24,35,40,33,75,16,24,39,24,74,34,22,7,56,42,34,8,53,1,23,58,30,32,5,33,90,89,52,58,71,42,13,15,25,0,94,6,50,66,25,50,22,45,70
2015-05-01,11,62,68,67,70,47,46,54,48,69,67,9,50,49,7,38,55,50,31,35,24,5,33,48,16,56,17,41,35,74,32,49,48,38,70,74,55,8,43,0,7,71,26,78,21,24,59,72,32,36,45,33,0,51,33,56,12,14,15,76,84,51,24,26,62,40,27,37,40,72,68,29,16,26,33,26,27,51,55,58,53,73,18,51,62,76,38,9,8,45,72,48,40,42,37,44,33,77,19,26,41,21,74,31,23,0,59,45,28,7,59,3,24,57,45,32,5,32,89,42,47,62,62,22,10,13,25,0,89,7,52,63,41,50,20,47,51
2015-06-01,7,61,67,67,72,50,47,53,51,67,65,13,49,42,4,38,58,50,30,34,36,5,25,50,23,55,18,51,34,76,23,47,47,38,73,71,58,9,43,0,2,74,24,71,20,29,61,78,32,37,48,37,0,54,32,58,11,8,24,73,68,52,24,27,67,41,24,43,50,66,70,30,18,23,34,27,9,52,51,46,42,83,20,57,67,64,38,10,29,46,72,53,47,53,39,45,31,78,19,27,37,21,76,29,25,8,57,45,32,7,53,0,23,60,51,35,5,32,85,30,34,62,67,12,11,13,25,31,88,7,52,66,35,50,25,43,47
2015-07-01,12,54,67,68,78,51,50,57,51,67,80,13,47,46,6,38,66,57,32,33,36,5,8,55,31,59,20,56,33,77,19,43,48,39,64,65,50,10,43,0,6,68,26,64,19,26,62,78,28,32,39,57,0,53,30,59,11,4,16,77,69,53,18,28,58,38,19,41,59,69,74,32,17,27,43,28,9,53,45,43,47,81,17,63,73,64,39,16,9,51,69,59,55,82,51,47,33,80,18,41,40,23,81,35,24,8,62,45,56,9,58,0,23,57,78,35,6,31,88,40,24,59,62,14,10,10,28,31,84,6,50,72,23,51,19,53,36
2015-08-01,12,62,68,71,80,56,53,60,56,66,67,10,49,38,9,40,66,60,34,37,38,0,33,70,18,62,18,67,34,79,17,41,41,39,72,71,54,14,40,7,3,63,25,64,18,27,59,72,27,32,38,60,0,50,33,61,12,4,21,74,71,53,23,27,62,38,21,40,53,72,70,29,18,26,41,27,6,53,49,60,39,81,20,64,75,59,39,9,5,55,73,66,51,68,44,46,32,80,17,59,46,31,86,32,22,0,66,41,42,11,58,2,24,60,55,33,8,27,92,24,64,58,67,5,14,10,29,0,86,6,54,72,22,49,21,54,44
2015-09-01,18,66,64,65,70,56,55,52,57,68,65,20,47,42,7,44,54,47,33,42,34,0,24,67,19,58,18,61,30,69,14,45,43,40,69,71,66,11,38,0,5,67,25,76,21,25,60,76,35,38,50,43,0,49,43,62,12,6,19,59,70,52,20,27,52,39,27,49,33,72,65,28,15,21,46,27,3,53,50,25,35,82,17,58,71,62,38,11,8,47,79,50,36,28,24,42,34,76,18,41,45,40,79,34,24,22,55,38,56,9,60,3,24,57,35,29,6,31,87,23,57,64,68,20,11,13,26,30,91,8,54,60,16,51,21,40,54
2015-10-01,14,53,58,61,54,48,59,53,57,63,61,22,45,37,6,45,49,45,32,46,35,8,15,62,16,59,18,42,34,68,13,52,43,39,75,69,59,9,35,6,3,67,27,73,23,25,55,73,36,40,46,54,21,59,36,60,11,13,22,58,68,49,25,27,60,35,19,42,19,70,65,32,16,23,40,26,8,49,48,47,28,82,18,49,68,62,34,10,4,44,73,39,29,19,18,40,33,70,16,26,43,22,75,34,20,7,48,40,42,9,57,15,25,53,24,35,7,32,82,25,53,59,67,11,10,14,26,0,86,10,60,66,15,47,22,49,39
2015-11-01,12,55,55,58,52,47,53,53,55,66,59,18,53,32,3,65,46,41,30,58,55,13,8,75,18,57,20,37,29,63,12,48,38,43,67,77,60,9,37,0,10,67,26,71,23,22,54,73,37,43,54,52,0,57,36,60,12,12,19,67,70,52,30,29,52,34,25,47,14,77,65,29,19,21,73,29,8,52,47,46,36,81,35,56,79,61,33,13,4,46,80,32,27,15,19,54,32,65,14,32,40,23,82,36,18,0,45,36,43,9,74,1,23,56,23,37,7,31,84,24,55,64,64,13,13,16,29,0,83,6,54,64,12,52,17,55,48
2015-12-01,19,49,53,50,51,46,71,58,56,63,56,19,50,33,4,62,46,39,31,55,64,0,32,87,15,53,16,34,25,58,11,64,29,47,70,74,54,11,29,0,5,67,28,66,19,23,48,64,33,32,52,56,23,51,30,60,13,10,14,65,68,45,26,48,51,27,22,38,14,87,68,29,17,21,92,47,0,45,42,34,26,84,76,56,72,52,27,25,4,47,71,27,29,17,18,67,33,69,12,29,41,31,89,34,13,0,39,33,35,9,58,0,21,46,21,32,6,27,87,28,44,53,57,2,10,12,35,0,74,2,53,67,7,61,15,28,42
2016-01-01,26,60,55,55,59,50,57,58,63,70,62,23,49,36,4,44,58,49,26,45,42,4,16,60,57,62,21,49,29,62,13,100,35,41,71,62,57,14,32,7,7,68,38,67,20,20,53,77,35,39,57,66,22,56,39,67,14,13,15,65,64,47,27,28,57,37,30,49,23,69,64,30,21,21,31,28,3,47,59,38,24,75,20,47,82,64,32,49,4,48,96,55,31,20,32,38,29,73,18,29,54,31,77,31,21,0,64,34,47,13,52,0,22,61,28,33,10,29,69,39,51,58,59,10,7,14,32,0,70,2,55,62,14,50,23,36,47
2016-02-01,13,59,56,57,61,53,55,60,69,73,58,21,48,43,5,41,55,46,23,43,35,5,17,44,51,60,22,44,33,64,13,56,44,42,71,61,58,14,41,7,3,68,40,67,21,19,53,85,39,47,50,51,0,55,35,73,14,13,25,64,63,46,40,25,65,37,22,46,23,69,75,31,20,21,35,25,0,45,49,52,23,65,18,48,76,53,32,45,3,50,83,47,30,22,32,32,30,74,26,27,57,23,83,33,23,8,67,37,37,13,49,1,21,63,31,36,11,32,76,71,54,64,69,15,10,18,30,0,79,9,53,76,18,49,20,52,33
2016-03-01,13,57,59,60,67,49,52,56,66,70,64,28,52,42,4,44,56,47,24,45,32,0,8,49,60,63,20,45,34,70,18,56,44,43,62,73,58,10,41,7,4,70,34,63,21,18,58,81,37,45,48,53,21,55,35,71,13,13,24,61,63,47,39,26,59,37,25,53,27,67,67,27,17,22,32,26,3,47,48,48,30,66,17,54,74,58,36,35,3,51,80,43,34,24,33,37,30,77,16,31,58,22,77,34,21,14,72,41,34,12,58,2,21,65,32,30,11,30,72,91,46,63,69,25,8,15,29,0,82,4,46,67,20,51,22,44,91
2016-04-01,13,100,64,60,64,47,47,59,64,69,70,22,55,44,6,43,52,47,23,45,26,9,16,48,56,64,26,44,24,73,23,58,51,40,66,83,60,9,41,0,5,67,30,64,19,19,59,79,37,42,61,45,22,48,33,67,12,11,21,71,76,51,22,26,60,37,27,51,33,68,70,27,16,21,33,25,11,51,52,41,31,56,17,57,78,68,37,34,3,51,78,44,33,26,32,37,35,78,16,33,55,24,74,36,20,0,70,43,32,12,46,1,21,65,33,37,10,27,71,87,47,63,62,29,5,16,30,0,74,2,51,69,37,48,27,34,52
2016-05-01,10,88,66,58,77,50,47,64,66,73,100,16,56,45,13,44,53,49,23,45,24,9,25,42,58,64,25,40,37,70,33,58,53,40,76,84,59,10,44,20,3,72,27,63,18,20,64,82,32,41,61,37,0,46,31,70,10,9,22,73,79,59,28,25,51,36,30,48,44,66,72,28,15,21,38,25,11,59,56,65,32,55,19,55,72,73,36,46,3,52,71,46,41,43,42,44,26,79,20,31,49,22,80,31,27,8,74,53,27,13,48,2,22,60,54,30,10,30,68,42,41,68,69,17,4,15,26,0,75,5,54,70,49,47,25,48,43
2016-06-01,13,69,67,57,73,49,47,61,67,75,65,13,56,46,3,42,56,51,21,43,31,14,9,41,48,65,21,47,29,75,29,58,47,40,73,74,57,11,44,7,1,76,27,63,17,21,62,85,30,40,55,36,0,48,31,71,11,7,17,67,75,56,26,28,59,33,23,44,52,71,69,30,17,22,36,28,9,57,60,44,27,55,20,65,65,69,35,45,4,52,69,51,46,57,47,43,24,84,16,32,51,25,77,33,21,0,75,41,32,13,83,1,22,61,65,32,11,28,67,35,29,65,70,7,6,18,26,0,66,2,54,63,30,50,22,51,55
2016-07-01,11,56,67,62,79,48,48,72,65,73,66,23,58,47,2,44,68,62,21,44,26,10,0,53,63,68,24,51,28,75,22,46,51,40,69,69,51,8,42,0,4,69,26,56,15,20,60,78,30,33,47,44,0,49,26,69,11,1,18,68,71,58,31,35,60,29,20,41,64,73,75,31,19,26,38,35,9,58,62,27,34,58,17,73,78,63,37,78,4,57,66,59,57,88,64,48,25,91,18,46,60,26,79,41,17,16,79,42,31,13,78,1,22,64,73,33,11,27,69,33,23,63,64,5,8,13,22,0,65,3,50,76,24,58,23,48,44
2016-08-01,14,61,66,63,84,53,48,67,69,74,67,11,58,46,8,47,66,60,21,47,26,0,54,63,71,70,26,67,33,81,18,51,41,41,65,75,56,9,42,0,4,68,27,57,14,21,65,85,28,32,49,53,0,45,31,73,12,3,25,69,72,58,27,29,61,32,20,41,56,69,72,36,18,25,38,28,3,58,59,52,30,57,18,73,81,64,38,53,3,58,70,60,51,73,51,45,26,83,21,70,60,29,86,35,22,0,81,48,26,13,61,1,21,68,62,29,10,25,71,25,59,58,70,4,5,13,19,0,70,0,49,73,19,52,24,52,43
2016-09-01,9,66,63,57,75,53,52,61,73,75,64,14,54,45,5,50,54,50,22,52,25,9,26,48,66,67,22,65,26,73,19,52,42,39,70,79,63,9,38,7,4,71,29,61,19,22,61,84,37,40,75,48,0,44,42,75,11,5,20,62,74,56,36,25,60,32,32,52,32,69,77,31,18,22,35,25,3,57,46,73,28,60,17,59,79,61,39,31,6,50,76,50,37,30,25,42,24,74,23,45,53,43,85,33,21,0,70,39,27,13,57,1,19,65,37,33,10,27,67,24,48,66,69,12,6,15,20,0,71,7,52,76,16,46,23,48,36
2016-10-01,17,55,58,59,65,48,58,61,71,71,60,20,53,37,5,52,51,45,20,58,28,18,17,50,74,66,26,43,34,68,16,54,37,39,64,81,62,11,36,0,3,66,28,67,20,17,56,80,35,43,50,44,0,47,35,72,11,13,17,56,69,54,28,27,61,30,22,48,19,68,67,28,17,20,46,27,3,55,52,45,27,63,20,57,79,69,36,25,4,51,71,42,31,20,22,41,26,76,17,30,56,23,84,34,18,0,66,41,35,13,64,3,22,63,27,28,11,28,69,24,44,66,74,7,7,24,21,0,65,9,53,68,16,48,21,44,54
2016-11-01,14,51,57,53,55,48,49,60,71,70,56,18,59,32,3,77,46,42,20,72,36,0,16,67,71,66,20,43,30,68,14,53,33,37,61,82,67,9,39,0,2,69,28,60,21,16,54,78,32,50,39,48,0,53,35,75,12,12,18,60,63,54,33,31,58,29,26,41,13,81,66,27,20,23,100,31,3,55,40,52,31,56,32,57,78,67,32,24,3,52,75,31,27,17,19,53,25,72,12,34,58,22,86,35,20,0,58,38,47,18,68,26,19,60,26,31,16,33,73,25,44,75,74,11,8,26,20,0,70,0,59,67,11,55,27,52,28
2016-12-01,18,47,56,53,53,44,68,64,75,67,54,14,59,27,2,72,47,41,21,74,53,13,25,68,68,64,22,36,21,66,12,45,27,43,62,76,55,12,30,7,3,63,25,58,17,18,50,70,33,37,42,44,0,44,29,77,13,10,17,62,75,52,26,48,45,20,23,41,13,92,80,29,17,21,86,47,0,53,57,53,27,67,77,59,75,53,30,100,3,50,68,30,30,20,20,69,29,71,12,38,63,31,89,34,12,15,51,36,30,15,53,0,18,47,22,31,14,25,82,27,33,61,62,5,5,18,19,0,63,5,56,81,16,62,19,44,44
2017-01-01,15,57,55,54,59,51,55,59,80,73,56,21,54,37,3,50,60,49,22,51,33,0,23,52,69,78,21,51,42,68,14,56,40,40,59,62,57,13,38,6,2,70,36,57,19,18,59,74,36,45,47,71,21,55,36,80,13,15,21,64,70,51,42,32,52,32,24,45,22,64,71,30,24,21,36,31,3,52,48,77,28,64,21,58,76,59,33,22,3,55,98,52,33,25,31,41,28,74,19,39,63,34,83,29,24,7,70,37,37,16,55,0,19,61,30,38,13,30,78,41,45,79,69,12,6,14,21,0,76,0,60,72,16,52,21,43,42
2017-02-01,18,55,58,56,61,50,51,63,76,69,60,19,50,34,5,45,56,49,21,47,24,9,16,40,69,77,26,42,41,82,16,52,45,39,66,63,62,10,37,0,5,69,42,57,21,17,57,82,40,47,56,76,0,51,33,79,12,15,16,65,70,48,32,28,48,32,27,46,23,64,72,32,19,22,32,27,5,48,49,52,29,59,20,47,70,55,34,34,3,56,83,44,34,26,32,38,24,73,20,35,63,24,83,31,21,7,74,39,27,19,56,0,19,62,34,29,14,30,76,71,50,82,73,8,9,16,22,0,72,9,58,72,8,49,27,48,45
2017-03-01,19,57,62,61,68,53,47,60,76,71,57,23,52,43,3,44,56,51,21,47,27,0,7,46,54,79,25,43,46,76,19,47,43,40,69,78,70,11,40,0,4,78,33,58,21,18,60,84,39,48,55,51,0,52,34,78,12,17,27,66,66,49,37,30,65,33,24,48,27,65,80,27,19,23,36,29,0,50,49,63,28,56,17,53,76,54,36,26,3,62,82,44,37,32,31,38,23,81,20,37,63,24,81,36,26,6,80,41,39,20,52,1,19,68,33,25,16,31,80,94,43,87,75,16,8,20,21,0,77,6,59,75,15,52,31,45,44
2017-04-01,14,61,68,64,72,46,47,62,76,67,59,20,58,47,4,43,52,47,19,47,22,4,23,43,85,74,25,41,37,79,25,47,45,39,66,88,66,16,41,0,1,70,29,56,18,18,57,76,35,43,46,37,0,48,30,77,9,18,21,64,78,55,33,29,59,30,22,41,31,68,68,32,20,22,40,29,5,56,45,36,40,56,19,56,71,75,37,21,2,60,76,40,37,35,31,46,23,78,17,37,65,22,79,34,17,7,80,43,36,16,50,1,19,66,37,30,14,28,72,90,38,72,67,19,7,17,18,0,69,2,58,70,27,50,26,51,84
2017-05-01,10,70,69,62,78,47,43,67,78,73,63,18,62,44,4,46,52,48,19,47,18,4,8,48,94,76,23,40,37,83,36,49,50,42,66,84,59,12,44,0,3,79,24,57,17,20,66,83,32,39,54,31,0,46,30,78,11,12,22,67,80,56,33,30,66,32,28,49,40,72,74,30,23,21,42,30,5,57,63,61,44,53,21,59,71,80,38,43,2,60,72,58,43,45,35,47,22,85,17,38,69,22,82,35,19,0,85,47,32,18,62,4,18,64,41,35,15,30,71,42,38,82,81,29,6,16,16,0,74,2,57,74,43,52,20,61,64
2017-06-01,11,67,72,61,77,48,45,68,81,77,64,12,60,44,4,46,56,53,18,48,25,9,16,42,100,81,25,45,37,83,32,52,47,41,72,78,58,11,45,0,3,74,27,56,17,18,64,89,31,39,81,39,0,48,28,81,9,8,17,75,83,59,31,29,62,29,30,52,50,72,80,31,20,22,33,29,0,60,60,53,33,53,22,61,68,70,40,46,3,58,70,49,50,65,43,48,24,86,17,41,67,23,85,33,25,0,86,44,28,18,79,1,20,64,61,34,15,31,69,31,26,90,81,8,5,13,18,0,69,2,65,79,39,51,29,66,62
2017-07-01,13,57,73,62,86,54,47,79,83,75,81,19,60,42,3,47,67,61,18,46,22,5,34,53,90,83,23,51,42,85,27,49,54,43,77,72,54,12,42,7,2,72,24,46,15,18,64,86,26,36,83,51,0,49,25,84,11,2,13,73,81,62,38,30,53,26,27,38,63,69,74,33,18,25,44,29,3,63,63,34,34,59,19,81,76,70,40,25,3,67,70,58,58,95,61,53,26,91,21,55,70,25,86,36,18,8,88,45,21,15,56,0,19,63,88,36,13,27,71,30,23,78,75,3,4,11,17,0,67,5,65,73,30,52,24,58,49
2017-08-01,9,61,71,60,84,54,49,75,82,75,68,19,58,38,3,46,69,64,20,48,24,4,24,73,64,84,20,65,39,85,24,48,51,44,71,82,58,14,42,19,1,72,24,44,14,19,68,84,26,34,70,46,0,44,30,83,11,3,22,75,75,61,28,30,63,27,31,44,55,71,78,33,19,26,40,30,3,62,65,62,35,59,18,66,82,66,41,53,3,70,69,56,56,79,48,49,24,86,22,85,68,30,87,33,17,0,90,46,22,17,66,0,20,67,58,34,14,25,71,27,54,84,77,15,4,13,19,0,72,2,59,77,20,50,25,52,44
2017-09-01,11,63,68,59,78,55,51,68,81,73,71,16,56,34,3,50,56,52,21,54,22,9,16,58,72,81,26,65,39,82,22,49,53,41,73,84,69,20,39,0,3,69,28,53,19,20,61,78,37,39,55,35,0,45,41,84,11,8,25,68,71,60,35,30,69,28,20,48,35,70,71,30,21,21,36,29,3,61,55,70,33,58,18,67,78,65,39,33,6,60,74,47,39,40,27,48,23,79,21,59,64,36,85,31,17,0,76,41,28,17,58,0,20,65,38,31,13,29,68,33,44,83,72,10,5,14,18,0,67,4,61,73,16,49,26,56,59
2017-10-01,15,50,62,56,67,51,56,65,79,76,69,21,59,36,8,56,51,48,20,60,25,8,37,60,50,75,26,37,34,76,19,49,45,41,76,83,63,13,39,6,1,68,31,53,20,19,63,82,37,42,60,34,0,45,34,83,10,28,19,60,73,58,37,30,64,26,36,49,23,68,68,28,23,22,55,30,2,58,52,47,36,59,20,63,78,70,36,29,5,58,69,38,33,21,21,47,22,76,17,40,64,24,85,33,15,0,68,42,27,21,56,2,19,62,27,33,16,29,66,33,41,84,75,7,7,15,17,0,62,8,62,69,12,51,26,51,73
2017-11-01,12,48,62,52,59,51,54,63,80,73,57,17,65,34,5,86,48,43,20,82,40,8,22,63,55,78,28,38,26,73,16,48,40,43,75,85,69,20,39,12,2,71,27,57,19,19,58,77,37,42,65,41,0,46,32,82,10,36,20,65,69,57,29,37,62,25,20,41,14,84,82,30,19,21,88,37,0,57,47,35,38,62,42,63,85,65,33,37,3,63,75,30,29,15,19,63,24,77,12,43,65,24,95,37,21,0,65,38,33,30,58,1,19,59,25,26,24,29,71,32,41,84,76,12,7,14,19,0,64,2,68,79,15,61,29,50,31
2017-12-01,8,45,59,49,52,44,68,68,78,68,54,20,56,27,4,71,47,40,20,71,47,4,8,65,45,73,21,36,28,60,14,41,39,47,65,80,55,14,34,6,2,61,27,57,15,17,50,67,31,31,67,48,0,42,27,77,12,34,18,66,70,51,38,56,54,17,21,37,13,92,74,31,17,21,86,55,3,51,50,31,33,70,80,58,78,62,29,23,4,61,66,28,30,18,20,76,21,71,12,46,70,29,90,32,13,7,57,32,32,30,53,1,17,50,23,30,24,24,72,35,31,63,62,6,8,16,16,0,57,6,56,75,10,63,21,47,47
2018-01-01,9,53,59,51,66,55,55,60,87,76,56,19,51,32,2,47,59,49,20,53,35,4,21,62,68,86,24,49,34,71,18,57,39,44,68,66,61,17,35,11,2,73,32,51,17,18,59,73,35,39,46,58,0,51,35,87,13,24,20,70,68,51,38,38,62,30,28,48,25,70,74,30,22,20,40,37,7,51,48,50,31,65,28,55,74,64,33,19,3,64,92,49,38,21,29,43,22,72,19,42,70,28,84,32,19,13,76,38,33,44,52,0,17,61,30,28,33,28,67,44,47,78,74,6,7,15,16,0,65,6,66,74,11,54,21,46,33
2018-02-01,16,52,60,53,63,49,53,64,86,75,59,20,49,33,2,44,58,50,19,49,30,8,77,54,72,83,31,41,49,77,18,47,32,43,69,64,58,15,39,12,1,69,29,53,19,17,58,75,37,41,52,47,0,49,30,87,12,26,23,73,65,49,38,32,70,28,23,48,21,70,74,27,26,20,36,31,5,50,45,39,30,59,21,49,66,59,35,16,3,61,80,41,33,22,30,40,21,71,20,40,73,25,86,34,19,0,80,39,29,41,48,0,18,64,32,27,28,30,66,73,49,88,78,14,7,13,16,0,65,2,64,74,13,51,27,35,43
2018-03-01,14,59,68,64,73,51,53,66,82,74,60,21,55,36,6,47,58,53,19,51,35,19,28,56,69,89,29,44,40,91,23,54,41,44,72,78,64,22,40,0,3,76,36,51,19,16,62,82,36,41,62,43,0,50,33,82,11,20,22,69,68,54,33,30,71,29,25,48,26,73,77,29,23,25,41,30,10,54,55,48,31,60,22,53,77,60,38,17,3,69,77,40,40,28,31,44,22,83,16,47,74,22,81,32,20,0,87,39,29,33,51,1,17,69,40,28,25,29,65,99,38,88,77,25,7,16,17,0,64,2,63,77,17,54,22,55,57
2018-04-01,10,68,71,58,73,48,47,64,79,73,57,25,59,41,4,47,53,49,17,49,30,0,21,50,66,84,29,43,37,74,27,48,44,41,66,82,65,28,43,0,3,75,26,50,16,17,64,85,34,43,62,48,20,46,30,80,10,30,16,70,73,57,26,31,65,28,28,45,28,67,76,27,20,22,36,30,0,57,52,41,32,57,20,54,73,75,38,22,2,66,73,39,38,26,28,45,21,88,18,45,69,20,80,34,17,0,87,43,32,30,56,0,17,67,37,35,22,29,64,93,46,81,83,35,4,14,17,28,61,4,70,71,29,54,28,54,47
2018-05-01,18,70,73,56,79,49,43,70,83,73,70,17,62,38,9,46,52,50,17,48,22,4,44,44,70,86,25,41,49,90,41,58,53,45,70,89,61,29,51,6,1,83,27,51,16,16,72,84,35,38,54,41,0,48,28,84,9,29,18,71,83,65,35,29,70,30,30,41,42,75,72,28,23,22,32,29,7,66,57,56,41,54,22,60,66,93,40,19,3,67,62,100,43,48,35,51,22,84,20,44,69,25,81,35,23,0,90,49,25,30,56,2,17,61,56,33,22,29,64,40,38,100,86,13,7,15,15,0,63,4,66,72,60,52,21,65,59
2018-06-01,8,69,74,55,78,49,46,72,81,77,62,21,57,39,6,47,56,53,16,49,24,4,15,40,34,83,29,45,44,88,36,52,52,43,77,79,58,23,45,12,4,76,24,49,16,18,68,85,29,36,54,41,0,47,28,82,10,22,17,75,84,61,24,29,67,26,28,43,50,74,74,28,18,29,37,29,10,62,59,63,40,57,23,71,65,75,39,53,56,68,65,48,51,63,41,49,22,84,20,47,70,20,82,34,19,0,93,46,33,31,61,6,18,60,68,28,23,28,65,34,27,92,79,5,5,13,15,0,62,2,70,72,35,50,22,66,48
2018-07-01,9,58,76,58,89,49,47,78,86,75,78,19,60,40,7,48,65,62,16,50,24,0,37,46,16,87,26,47,48,90,32,71,51,44,71,74,53,25,46,6,2,76,23,42,14,17,70,84,29,36,62,39,0,46,25,85,10,20,15,78,82,65,32,31,84,27,33,38,63,72,76,30,20,29,44,30,5,65,61,60,41,55,20,78,70,70,39,25,50,75,62,53,59,94,56,60,22,90,19,68,74,28,86,40,18,13,96,48,25,27,70,1,17,62,100,27,22,25,64,33,22,81,72,5,5,9,15,0,63,4,69,75,29,54,29,68,34
2018-08-01,7,69,75,60,92,54,49,79,85,74,91,19,60,39,3,50,66,61,16,52,29,8,30,70,17,87,27,62,50,89,28,50,56,44,82,83,59,22,46,6,2,70,24,41,14,17,71,85,27,35,67,43,0,44,30,85,11,17,18,71,75,64,29,30,71,26,32,40,55,76,77,35,21,25,45,29,2,64,68,73,37,55,21,72,75,71,41,37,3,74,65,57,55,78,43,55,23,89,22,98,75,32,91,40,17,0,100,48,26,35,63,1,17,66,61,33,27,27,65,27,53,81,76,5,5,11,15,0,62,0,65,77,23,52,29,65,53
2018-09-01,6,73,69,56,77,52,54,69,82,75,63,19,54,36,1,49,55,51,19,55,25,8,7,57,15,79,26,68,41,79,25,50,46,43,77,88,70,23,40,18,2,68,26,49,18,15,67,83,37,42,66,40,0,44,38,82,10,13,15,63,79,63,37,31,78,27,27,46,32,70,73,29,18,22,40,30,0,63,52,93,32,55,21,61,73,72,39,23,6,66,69,48,41,33,24,55,22,82,25,64,68,34,86,35,16,0,84,46,27,40,56,2,17,62,41,34,35,25,63,25,43,86,79,8,7,20,13,0,59,2,69,73,20,50,27,55,59
2018-10-01,9,56,65,52,72,50,54,65,83,75,67,23,48,31,0,51,50,47,16,60,23,0,22,42,18,82,28,40,36,83,21,50,39,43,73,78,67,24,38,6,2,73,25,50,19,15,65,81,36,41,58,40,0,49,33,86,11,14,15,60,72,60,25,35,77,25,25,45,20,68,75,30,19,24,50,35,2,60,55,53,26,50,22,56,70,73,37,20,4,63,66,47,32,20,18,51,19,73,20,40,67,21,86,36,20,0,73,42,34,46,58,6,17,62,28,29,37,28,61,26,42,86,86,16,5,15,14,0,60,2,78,76,12,53,28,56,54
2018-11-01,6,54,61,51,67,50,52,63,81,76,65,22,58,30,9,82,48,43,16,81,34,0,0,58,15,82,30,38,32,71,20,58,40,47,69,85,65,24,37,6,2,75,24,53,18,16,63,78,36,44,63,46,20,45,31,84,11,17,21,60,73,60,37,45,81,24,23,41,15,88,70,29,20,22,87,45,0,60,55,64,33,54,44,56,75,69,33,33,3,65,72,30,30,16,18,68,23,77,14,46,70,23,88,39,22,7,66,41,39,40,58,4,17,61,27,29,29,28,67,28,41,99,78,15,4,13,15,0,61,4,77,70,12,63,23,53,47
2018-12-01,5,56,57,47,58,45,70,72,87,70,58,14,53,26,2,64,48,43,16,70,40,25,15,47,15,76,25,33,30,63,18,52,38,48,65,75,62,24,32,0,2,63,26,50,14,15,56,69,30,34,54,50,0,43,25,86,12,21,18,68,70,52,39,50,70,17,17,38,14,90,74,29,18,20,90,49,0,52,44,36,30,62,85,61,72,67,31,35,3,67,66,31,30,18,20,87,21,72,15,48,75,30,94,36,15,0,60,37,35,35,59,0,17,52,26,25,26,21,64,29,29,61,65,3,5,11,13,0,48,0,59,75,11,62,23,47,35
2019-01-01,13,57,61,49,72,56,53,60,91,78,57,19,50,28,0,48,59,52,16,51,28,4,21,46,19,87,36,50,46,75,21,53,38,46,71,65,59,19,37,0,2,78,32,49,16,15,68,81,33,43,59,73,0,54,33,90,12,21,15,75,68,55,40,34,86,27,31,44,23,72,75,29,20,21,41,34,5,55,46,56,27,64,25,55,71,70,35,22,3,69,87,46,40,22,29,50,20,77,20,47,72,26,87,33,20,6,84,43,36,38,59,0,16,63,33,24,27,26,60,42,49,81,83,11,5,14,16,0,63,6,67,74,12,54,23,50,38
2019-02-01,12,55,64,53,68,53,53,62,86,75,56,18,47,38,7,44,58,53,16,50,23,8,15,42,18,85,33,39,44,79,21,45,37,48,66,65,59,18,36,0,3,76,36,47,18,14,67,87,36,47,64,51,0,47,32,87,9,17,12,67,71,55,28,31,83,26,28,45,25,72,83,31,18,21,46,31,0,55,50,76,33,53,22,53,63,64,34,19,3,69,79,41,42,23,29,46,21,81,20,47,73,17,85,33,18,0,78,45,26,33,71,1,18,65,37,30,27,28,62,73,52,86,80,9,6,14,16,0,61,2,82,81,16,50,22,51,40
2019-03-01,8,65,70,56,83,57,47,65,84,78,62,19,49,35,5,46,58,54,15,50,21,0,14,41,19,96,39,47,57,94,27,46,46,45,94,81,61,25,38,0,1,76,29,47,17,15,74,85,34,46,62,45,0,50,31,87,11,20,16,67,74,59,38,28,81,27,22,45,26,68,84,28,25,22,34,28,0,59,44,64,65,49,20,52,72,60,39,21,3,74,75,41,43,29,32,47,27,86,45,47,75,21,87,32,19,0,88,55,36,34,65,1,16,70,41,31,30,29,61,93,35,85,86,14,9,17,15,0,58,2,81,83,24,50,22,48,41
2019-04-01,9,72,76,55,80,62,49,66,85,78,67,12,54,39,4,43,55,53,16,49,19,4,43,37,22,97,46,45,49,94,34,46,49,44,78,90,72,34,41,6,1,82,26,46,16,16,93,95,35,54,70,36,20,45,27,85,11,34,20,73,89,64,33,30,82,26,24,41,31,71,84,27,19,21,36,30,2,64,52,61,70,50,20,60,71,88,42,19,2,73,71,39,45,30,31,56,21,89,18,47,68,18,86,36,20,13,88,93,33,35,57,4,16,73,41,28,29,30,61,92,39,85,93,26,7,21,15,0,58,6,78,80,30,51,26,71,78
2019-05-01,24,65,73,53,81,55,45,67,86,74,69,18,60,33,4,45,55,52,15,49,16,4,21,40,16,90,36,40,49,95,45,52,43,47,76,89,59,24,45,0,1,82,24,46,15,17,78,91,32,42,65,32,0,43,27,86,10,19,16,70,85,66,38,29,77,26,24,46,41,72,77,28,17,21,33,29,0,66,49,73,100,49,22,58,63,89,39,36,2,70,61,40,43,43,31,52,19,92,25,48,72,21,84,38,18,6,87,53,27,35,57,2,17,64,44,32,28,28,64,39,33,93,96,23,5,17,14,0,58,4,68,77,61,51,26,58,40
2019-06-01,12,59,75,52,88,50,45,70,84,77,65,15,57,32,3,47,58,56,15,52,20,4,22,38,17,88,38,43,47,93,45,51,49,43,70,88,59,27,48,6,0,79,22,46,14,17,76,85,32,39,62,34,0,42,27,84,11,12,16,73,83,68,29,28,86,23,22,45,50,71,79,30,21,21,32,28,0,68,60,85,83,51,23,63,67,84,39,25,7,73,61,45,54,72,41,57,20,94,27,51,74,22,83,37,23,6,88,57,28,29,57,0,17,61,65,35,24,27,65,31,24,86,95,6,7,19,16,28,57,6,79,79,46,50,25,62,56
2019-07-01,12,49,77,56,98,58,48,79,93,79,70,12,58,37,5,47,66,65,15,50,19,8,22,46,18,95,36,44,40,97,38,54,52,46,74,79,57,20,45,0,1,77,23,43,14,15,80,91,31,40,75,42,20,44,26,92,11,3,13,78,73,69,33,32,90,24,30,43,62,71,73,31,17,23,43,31,2,69,57,90,83,54,21,78,70,83,42,21,4,90,62,49,62,93,53,62,19,90,32,73,76,22,88,38,22,0,94,56,23,30,57,0,17,67,96,34,24,27,64,31,20,89,93,7,7,14,15,0,59,6,66,72,43,53,21,53,45
2019-08-01,13,54,77,56,92,62,48,81,90,75,69,20,54,35,4,47,68,66,15,51,20,8,7,53,19,100,35,58,47,97,34,51,56,44,81,86,61,21,39,11,2,71,26,40,12,17,87,91,28,39,60,44,20,43,29,89,9,4,20,75,81,72,29,30,85,23,22,40,56,74,81,30,19,24,41,30,5,72,63,72,77,52,21,72,74,79,40,19,3,82,63,53,57,82,42,60,19,92,23,100,79,27,94,35,16,0,91,67,38,36,78,1,16,66,67,35,27,22,66,26,50,87,94,19,5,18,15,0,60,6,64,78,26,51,17,47,46
2019-09-01,19,63,70,52,88,73,52,66,92,78,66,25,52,31,3,47,61,58,17,54,21,4,7,45,20,91,40,62,49,92,31,52,43,42,78,87,73,21,37,11,2,73,27,50,17,17,96,88,35,48,71,39,19,43,37,92,11,5,20,60,75,67,28,30,94,26,27,47,33,63,74,32,18,20,40,29,2,67,50,55,67,53,20,68,73,81,39,22,5,70,70,44,50,35,22,54,21,79,28,60,70,33,88,30,18,0,80,66,36,29,72,3,15,66,37,34,23,28,66,28,41,95,97,10,6,22,14,0,62,2,77,75,20,52,27,54,57
2019-10-01,10,51,67,50,79,65,58,65,92,77,67,18,50,31,3,50,56,53,16,59,20,7,13,45,18,87,41,42,43,82,27,49,48,44,72,82,70,19,40,5,3,77,28,48,17,14,87,89,35,47,59,41,0,53,31,92,12,9,20,60,79,66,31,33,82,24,25,43,20,69,76,28,16,19,49,32,4,66,48,72,52,49,22,62,67,81,37,14,4,68,66,40,45,22,18,51,19,81,21,44,65,21,88,29,17,6,70,57,38,29,64,22,16,64,29,28,23,29,65,30,41,94,98,8,8,16,15,0,62,14,76,77,16,53,23,56,51
2019-11-01,9,52,65,46,69,64,53,63,88,76,63,23,55,25,0,75,55,53,16,73,28,7,6,55,18,87,33,34,49,79,23,48,38,45,76,88,68,19,35,0,1,80,27,46,17,15,76,83,35,46,48,44,0,42,30,87,11,13,16,62,76,66,31,33,77,22,22,44,15,75,75,26,18,18,86,33,0,66,48,50,68,49,44,65,75,74,35,17,3,68,73,31,40,16,18,65,20,100,14,50,70,17,88,32,20,6,63,52,36,28,53,1,16,63,26,28,23,26,65,28,40,88,91,8,5,22,12,0,56,2,71,75,12,55,17,56,43
2019-12-01,12,53,61,43,63,63,73,69,95,71,55,17,54,25,3,64,60,58,16,71,43,4,0,54,21,85,40,36,45,70,20,52,97,46,76,84,64,16,31,0,2,73,28,42,12,15,76,78,30,42,65,52,19,41,25,94,11,12,14,69,71,55,41,65,77,16,18,37,14,80,76,29,15,20,82,64,0,55,45,44,75,55,90,66,73,73,34,21,3,74,68,28,46,18,20,81,20,73,21,56,72,25,100,34,18,0,60,55,33,26,59,1,15,57,30,27,22,19,68,32,29,65,72,4,5,20,13,0,52,2,63,73,9,67,15,49,33
2020-01-01,13,62,64,46,74,71,56,61,100,96,59,28,49,30,2,44,66,58,18,51,26,7,0,49,22,94,42,48,51,81,27,48,42,45,79,70,65,18,38,5,3,83,28,41,15,16,83,87,35,50,65,63,0,49,32,100,12,12,22,71,75,61,41,40,85,27,27,52,21,71,80,27,21,20,34,40,0,61,48,70,47,56,29,61,68,75,36,26,3,74,84,44,48,22,25,47,19,79,28,48,71,26,89,34,20,11,73,59,30,34,70,0,16,67,34,30,27,25,65,44,41,87,95,13,4,24,14,0,62,4,77,79,15,55,21,52,44
2020-02-01,8,63,65,48,73,63,54,66,90,82,56,20,45,35,2,41,67,64,17,46,22,0,13,39,20,95,44,44,51,84,28,47,41,46,79,68,69,21,37,0,3,76,39,39,17,17,84,93,35,51,68,62,0,45,29,92,11,10,21,71,65,60,29,32,78,27,27,43,23,69,80,28,21,19,45,31,2,60,41,83,48,49,24,62,69,68,38,30,3,75,71,39,53,24,28,45,19,76,55,45,75,23,92,27,22,0,77,65,32,44,58,1,15,71,33,30,32,28,66,79,52,88,89,8,8,21,14,0,65,11,80,80,17,51,20,64,54
2020-03-01,7,56,54,42,55,65,69,40,76,100,46,27,48,27,1,40,42,42,19,37,36,0,34,63,18,86,51,63,58,91,30,48,48,61,68,55,52,52,70,9,3,79,23,40,15,20,86,75,29,46,62,39,16,82,29,75,65,9,27,64,66,52,26,38,77,20,23,47,19,73,66,30,21,26,27,37,4,52,41,76,53,69,17,59,56,74,33,17,3,77,71,26,34,19,19,70,19,67,61,33,57,16,62,19,18,0,67,68,100,86,85,0,18,62,23,27,59,23,61,99,37,83,95,8,9,23,15,0,62,6,60,62,22,76,25,51,56
2020-04-01,4,47,53,39,31,42,100,28,41,70,54,19,78,24,3,58,21,21,20,57,45,12,22,89,21,80,100,62,54,63,61,53,50,100,75,66,40,25,100,4,2,76,23,46,14,18,75,67,29,41,66,23,15,71,22,42,46,2,16,100,82,72,14,60,68,13,18,54,26,100,60,33,10,16,22,60,7,72,39,46,68,77,23,64,62,100,27,16,3,90,66,23,18,14,14,100,17,64,15,26,62,15,35,12,9,0,60,52,68,69,68,0,18,59,24,29,50,22,92,74,30,75,87,2,7,17,16,0,62,5,47,59,51,100,20,54,97
2020-05-01,2,41,68,48,46,43,83,36,49,60,55,14,100,33,1,64,24,23,17,72,35,0,0,68,29,82,59,53,54,81,96,56,56,96,71,79,49,16,83,4,2,80,23,42,13,15,85,75,27,42,68,25,0,49,24,50,22,4,19,94,100,93,24,69,75,18,23,44,45,100,77,32,12,17,20,69,2,94,43,70,89,65,30,77,81,92,35,11,3,88,52,22,24,33,36,86,17,83,10,31,82,20,47,11,12,5,77,83,47,58,52,0,14,69,60,29,45,21,86,72,26,77,86,2,6,21,15,0,62,11,49,75,87,90,26,79,73
2020-06-01,2,43,76,54,77,59,65,48,67,69,58,14,91,33,5,61,34,33,16,65,35,3,12,64,26,89,59,45,53,100,78,54,57,84,68,77,57,14,75,0,3,81,23,40,13,17,100,87,28,46,86,29,0,48,22,68,21,2,19,98,89,100,27,68,84,23,30,43,71,90,84,37,10,21,23,68,4,100,44,76,66,59,31,93,95,90,40,12,3,89,49,29,35,62,87,71,16,96,9,38,81,22,71,8,14,0,83,99,31,63,52,0,15,77,82,30,50,24,75,45,22,78,92,6,7,20,16,23,62,16,53,83,81,85,24,95,75
2020-07-01,4,41,82,57,99,63,60,62,74,82,57,18,85,36,1,57,47,44,15,64,28,7,0,51,25,88,53,56,63,97,67,53,61,85,65,75,55,13,74,0,2,82,21,35,13,17,100,98,26,46,78,28,0,48,22,75,18,3,14,95,91,100,32,48,84,22,21,42,100,89,84,38,11,20,28,47,0,100,56,87,59,57,24,100,96,81,42,12,2,92,46,35,39,87,100,67,19,100,7,46,86,24,78,9,18,0,86,100,36,57,52,0,15,83,82,29,46,21,74,36,18,78,92,1,9,18,14,0,60,14,66,83,52,76,25,100,75
2020-08-01,3,45,77,55,97,67,58,71,78,72,60,12,74,41,5,53,49,47,15,59,28,3,18,69,23,87,52,68,59,89,55,45,52,77,59,81,55,14,69,10,2,74,20,34,10,18,94,97,27,45,66,27,0,44,23,79,17,10,15,88,82,98,38,40,91,22,20,48,77,79,77,34,9,19,29,40,0,98,54,69,51,55,24,100,97,81,40,9,2,93,45,35,39,77,68,59,18,94,8,65,87,26,81,11,15,0,89,91,29,58,48,1,14,83,55,24,40,20,71,31,45,72,100,3,7,27,15,0,61,5,58,76,47,62,26,83,67
2020-09-01,4,44,70,51,89,72,60,61,79,81,64,13,75,37,2,61,38,36,17,70,39,10,6,83,20,84,51,64,64,91,45,54,49,80,57,80,60,13,60,5,1,75,24,43,13,15,90,96,31,48,71,21,17,44,27,81,14,4,14,71,82,94,26,41,93,22,19,46,40,83,78,32,9,18,28,41,0,95,45,68,52,55,23,89,97,81,37,10,3,83,50,33,30,40,31,58,17,91,6,45,76,30,81,11,15,5,77,88,31,55,45,1,13,86,27,30,44,21,62,33,43,78,89,4,7,23,12,0,59,9,60,79,32,64,21,82,84
2020-10-01,4,41,69,51,83,67,65,49,79,91,56,16,78,32,3,66,33,32,15,78,30,7,19,67,19,84,55,46,45,82,38,49,49,80,59,76,53,12,59,10,2,82,25,38,13,14,81,91,31,45,68,23,18,50,22,79,16,5,16,66,86,94,29,40,83,21,24,47,25,90,81,30,11,19,25,40,4,94,44,61,57,56,28,87,97,82,34,12,5,85,44,24,25,21,24,60,18,89,7,33,75,21,82,9,15,0,73,69,36,51,52,4,15,83,22,27,38,20,65,30,37,53,79,5,6,25,12,0,55,7,71,82,22,65,25,67,53
2020-11-01,2,37,64,47,74,60,62,44,71,72,51,14,87,27,2,100,29,26,15,99,65,4,6,73,17,81,48,45,53,71,31,46,36,78,59,76,54,12,54,0,1,80,22,36,12,13,74,89,31,45,67,24,0,44,20,71,12,2,17,74,81,83,32,48,84,17,24,41,16,90,79,28,8,18,30,48,2,84,40,77,80,51,55,83,98,75,32,10,3,88,42,19,23,15,22,84,17,82,7,38,73,25,83,8,10,0,64,62,35,65,75,100,14,78,17,29,46,18,66,27,33,49,67,1,8,23,14,0,51,7,60,78,11,75,22,65,49
2020-12-01,7,32,58,43,60,56,83,45,66,76,52,15,79,26,2,84,27,25,15,89,54,21,0,79,16,78,57,40,51,66,32,50,43,92,64,73,57,13,48,0,2,74,25,37,11,14,65,79,27,40,69,22,0,41,19,65,14,3,16,72,77,74,26,100,71,13,17,43,16,97,77,31,9,18,43,100,0,73,40,46,61,62,100,74,87,66,28,12,4,86,37,19,20,15,21,92,17,79,6,34,76,28,78,9,12,6,56,53,32,68,47,1,14,69,17,24,55,17,69,36,26,40,65,0,9,17,13,0,47,5,57,78,16,97,15,62,59
2021-01-01,6,34,56,45,69,61,71,37,67,78,51,16,78,34,6,60,27,25,15,66,35,10,12,80,22,80,51,47,51,74,38,61,46,85,67,62,51,15,51,0,2,76,25,37,12,13,67,80,31,41,69,24,17,50,22,66,15,8,20,78,80,75,27,62,78,19,21,45,22,80,83,33,7,21,25,62,0,74,38,76,55,59,35,75,87,63,29,13,3,95,49,28,16,17,28,65,18,79,7,30,75,24,71,7,12,17,68,55,31,86,56,2,15,82,18,26,76,17,66,39,36,52,67,1,5,20,15,0,55,10,73,84,19,80,21,69,76
2021-02-01,0,35,61,50,71,60,68,44,71,77,55,19,74,34,2,57,33,36,14,62,35,4,14,57,14,75,52,42,47,71,40,60,39,80,64,61,47,20,52,6,2,80,24,36,14,13,65,100,32,41,63,17,0,46,21,71,13,9,18,82,80,72,35,53,74,19,20,44,24,84,88,30,9,23,25,53,0,72,43,59,51,54,29,75,86,73,31,11,3,95,42,22,17,20,34,58,18,81,7,29,79,20,76,7,14,0,71,53,39,100,49,0,14,87,23,32,100,19,66,72,44,55,72,4,8,19,15,0,50,8,80,87,29,76,23,61,62
2021-03-01,2,35,69,56,83,69,60,49,81,95,58,16,81,41,3,58,30,29,14,65,27,3,31,51,13,82,47,41,61,80,48,53,49,75,61,79,47,21,53,5,1,87,24,36,13,14,73,85,29,38,65,19,0,43,21,82,12,10,20,80,86,89,43,44,93,21,24,43,34,81,86,100,8,21,25,44,0,89,46,59,51,49,26,72,96,77,35,8,3,93,41,24,19,28,37,54,18,95,8,31,81,22,76,10,12,0,81,59,43,81,48,0,14,100,34,27,76,23,60,94,36,56,90,3,5,17,14,0,49,5,77,85,39,70,26,75,62
2021-04-01,5,34,68,54,68,76,59,41,81,92,58,15,86,37,3,63,23,20,13,69,23,11,6,58,11,77,42,45,44,73,68,52,48,70,73,83,47,21,60,5,1,77,27,35,12,15,71,83,30,34,68,18,0,48,20,80,10,9,23,77,89,90,79,45,85,18,21,41,40,83,89,39,6,21,21,44,0,90,44,66,74,50,29,69,86,97,33,10,2,91,31,20,17,29,28,64,17,94,7,32,86,18,68,11,13,0,77,67,45,62,50,0,14,80,35,26,54,19,62,100,34,48,87,7,7,15,13,0,44,13,72,88,71,71,21,90,96
2021-05-01,0,35,69,52,71,81,56,46,81,78,63,24,91,34,4,66,25,22,13,73,21,14,13,53,11,74,43,38,46,74,100,54,53,74,65,82,48,21,64,5,1,81,21,33,11,12,68,75,26,33,67,22,0,43,20,81,10,22,16,77,93,92,69,44,83,18,20,38,49,81,80,38,6,22,23,44,0,92,46,67,74,46,33,71,77,88,33,9,2,91,30,22,18,40,36,64,16,99,9,32,94,21,70,10,15,6,76,67,40,58,47,1,14,74,51,27,49,17,61,41,30,58,89,1,7,13,12,25,47,5,77,80,100,71,21,86,72
2021-06-01,3,35,71,52,85,67,48,69,87,80,59,11,79,30,2,60,38,35,12,68,19,4,7,38,14,74,48,39,37,76,70,49,48,70,63,78,49,22,54,11,2,81,19,31,11,14,71,77,24,33,79,26,0,43,19,86,9,26,14,80,81,86,99,41,89,18,22,39,61,78,84,34,10,24,27,41,2,86,47,47,71,43,30,81,81,85,34,11,3,88,30,28,29,69,54,67,16,98,12,37,92,21,76,11,14,6,74,63,34,59,41,0,14,69,95,22,57,20,55,30,23,60,93,0,4,14,13,0,41,7,77,83,78,68,19,81,87
2021-07-01,8,36,77,56,99,69,49,96,96,81,79,13,76,30,2,55,59,53,12,64,19,11,21,43,10,80,43,42,40,81,49,55,54,64,70,79,48,27,51,0,2,81,21,28,10,13,73,76,23,31,73,34,0,49,18,92,10,12,13,80,79,84,100,34,91,17,28,39,74,77,86,33,13,34,31,34,5,83,50,49,51,47,25,90,93,87,37,9,3,93,34,40,49,100,59,61,16,98,11,50,100,25,88,14,15,6,81,68,28,50,43,0,14,75,92,21,44,17,53,27,20,52,84,7,7,16,12,0,37,6,79,86,45,62,15,85,58
2021-08-01,12,41,77,53,100,75,55,100,98,84,71,15,73,34,1,55,57,53,12,64,21,0,7,56,10,82,42,52,40,77,42,48,43,62,72,92,53,25,48,17,1,76,22,28,9,13,75,81,22,31,68,38,0,48,22,97,11,3,18,76,79,84,67,32,93,18,23,43,57,75,83,33,11,34,34,31,2,84,54,58,47,47,27,93,90,85,38,12,3,100,34,42,46,89,44,57,16,98,10,77,96,27,95,16,13,18,79,64,29,49,46,3,13,73,72,29,41,18,51,24,54,53,74,0,6,11,12,0,38,2,81,83,33,59,21,73,47
2021-09-01,9,43,70,51,87,100,55,83,97,87,60,16,66,32,1,58,41,38,13,71,18,12,0,51,11,77,43,55,32,70,39,50,43,64,56,89,62,20,46,6,1,76,21,34,13,14,77,82,26,36,65,31,20,56,31,97,11,3,18,65,79,80,83,34,86,20,24,43,35,80,79,29,11,28,30,34,0,80,48,87,44,46,24,76,87,87,36,13,5,84,37,33,32,41,26,56,16,87,9,53,88,29,92,18,13,6,70,70,36,45,47,17,13,71,36,27,39,18,53,25,45,57,89,7,5,15,11,0,39,10,83,77,27,60,20,62,58
2021-10-01,5,40,67,51,78,78,67,79,96,82,58,16,70,29,2,62,40,37,15,75,20,4,7,44,11,78,45,35,43,72,37,50,38,64,70,83,52,40,44,11,2,74,23,33,14,14,72,80,31,38,69,32,19,49,24,95,10,7,16,65,80,79,51,34,91,19,22,41,23,80,79,42,11,32,29,33,2,79,46,56,44,52,29,76,91,85,35,13,4,85,38,30,27,24,22,57,18,87,9,37,82,22,92,20,12,0,65,63,43,46,47,1,13,75,28,32,41,19,52,24,39,55,81,7,6,17,12,0,37,14,86,77,24,60,20,63,55
2021-11-01,5,39,64,49,74,80,58,75,95,83,60,18,76,23,3,90,40,38,14,100,32,11,7,50,11,80,46,33,38,59,35,47,33,69,65,93,57,31,44,33,3,79,24,33,13,16,73,82,28,41,59,34,0,47,24,94,9,8,16,65,77,81,45,39,92,18,24,43,15,82,81,34,10,36,39,39,2,82,43,46,41,47,53,72,90,78,32,9,3,84,43,24,25,16,19,67,17,85,8,42,78,22,96,22,12,0,61,70,45,56,38,1,13,69,30,27,50,21,57,25,40,58,80,4,6,20,13,0,42,6,83,82,17,66,21,67,47
2021-12-01,3,34,58,43,61,76,78,72,90,85,53,12,66,22,4,73,36,33,13,87,37,7,7,53,8,76,42,36,34,54,26,50,31,81,62,77,56,22,36,38,1,71,23,30,11,14,65,69,23,35,64,25,0,47,21,90,10,9,13,64,71,65,53,59,76,15,24,39,13,89,79,30,12,52,37,59,2,65,48,41,41,51,94,70,79,71,28,9,4,80,33,20,22,15,16,74,16,72,19,41,78,26,92,18,12,12,54,54,42,49,47,0,12,58,24,26,38,16,59,27,29,45,81,4,5,15,13,0,36,6,83,80,18,74,15,64,40
2022-01-01,10,36,62,47,69,76,69,48,88,88,53,14,69,28,2,56,35,31,15,66,28,0,0,46,9,79,47,45,35,69,32,53,35,75,67,64,45,27,39,16,2,78,25,32,13,16,68,78,29,35,72,30,37,50,25,88,11,11,16,78,78,75,47,46,83,22,25,44,17,76,93,31,11,31,27,46,0,75,48,65,42,54,38,70,89,69,32,8,4,87,41,31,21,19,30,58,17,87,13,35,72,26,78,13,16,6,68,54,48,53,46,0,13,72,23,29,43,18,53,38,41,55,85,4,6,17,14,0,40,4,96,93,15,68,19,58,55
2022-02-01,9,41,61,50,76,67,63,75,82,77,56,12,60,28,1,52,49,44,14,62,18,4,7,39,9,82,48,39,52,72,33,47,37,68,61,67,51,42,39,24,0,77,22,32,14,15,69,83,31,41,68,44,0,61,23,83,7,11,14,78,74,64,35,36,91,22,28,41,19,74,100,35,10,36,27,35,0,65,46,58,40,45,28,61,77,74,33,8,3,83,39,29,28,24,29,48,17,88,12,37,79,21,88,17,17,0,74,56,68,53,74,0,13,74,36,26,41,22,51,65,46,68,90,3,7,20,13,0,40,4,92,100,22,60,24,63,39
2022-03-01,12,44,70,55,82,64,54,76,92,81,51,18,62,31,3,52,55,50,13,63,17,7,26,44,11,94,49,41,49,79,35,49,37,73,63,85,56,100,38,16,2,79,25,32,14,13,79,83,30,43,72,42,0,59,22,92,9,8,18,80,70,73,33,34,100,24,23,42,23,79,84,35,12,37,28,34,0,72,45,73,39,41,24,61,80,66,37,10,3,87,46,33,38,29,29,47,15,89,15,42,76,22,84,27,18,0,78,74,58,53,89,1,13,75,43,32,42,24,48,92,37,68,76,9,6,16,12,0,44,9,100,83,38,60,23,77,46
2022-04-01,9,50,76,56,80,58,53,79,94,78,49,16,64,35,6,54,53,50,12,63,16,4,20,39,11,90,47,39,44,83,40,47,43,71,68,100,55,48,45,16,2,76,24,29,12,14,77,82,29,41,73,36,0,57,21,92,7,10,14,81,82,78,38,36,94,22,27,47,29,77,81,34,13,32,31,36,2,78,47,62,55,41,27,64,80,85,37,12,3,87,38,38,39,32,28,56,16,93,25,43,80,20,83,28,16,0,74,63,59,46,64,1,13,71,42,30,40,19,49,90,36,59,63,28,5,17,12,0,34,5,99,81,54,62,27,76,51
