date,569,23,47,815,170,249,71,276,634,250,168,437,11,29,96,18,67,179,5,68,78,696,329,95,423,279,1160,813,466,468,46,750,747,121,123,697,1176,1268,288,248,30,287,612,13,31,7,38,969,477,25,380,1010,726,76,74,256,508,20,1199,144,748,48,255,50,664,60,802,621,1140,841,289,665,662,354,666,1150,277,650,651,652,158,1143,70,271,270,794,233,473,1339,932,882,94,293,205,208,1081,73,1188,185,610,206,1003,918,355,145,894,960,961,378,465,1164,784,1209,396,408,832,952,1139,107,903,343,77,278,1300,730,341,334,314,718,728,1162,53,342,1159,1214,670,12,566,672,673,49
2004-01-01,74,90,91,94,89,86,76,57,60,90,89,89,73,83,86,86,98,86,100,84,86,29,95,96,88,84,94,94,84,82,93,91,93,33,100,57,97,16,90,93,100,98,92,84,94,95,91,97,88,100,73,82,34,98,100,87,99,75,78,100,78,79,76,85,97,98,84,100,58,49,79,91,78,93,42,58,72,79,84,93,68,83,61,72,90,49,83,77,70,24,90,90,100,67,90,87,48,77,98,95,89,57,33,95,86,90,78,96,76,88,99,57,42,18,94,85,34,95,61,93,94,93,55,100,98,85,92,77,64,87,22,100,90,95,77,68,100,88,74,91,88
2004-02-01,70,85,89,93,88,87,72,58,52,98,73,96,71,85,91,82,91,88,97,78,75,33,93,97,86,82,81,90,88,85,91,98,96,32,81,48,100,15,94,94,96,100,91,83,100,95,92,97,85,93,60,68,34,92,88,84,100,74,91,88,77,81,84,82,87,100,100,87,57,48,89,86,69,92,41,53,69,76,100,85,67,71,73,64,84,57,86,74,76,19,82,78,84,65,84,87,42,85,89,92,75,53,36,84,100,91,86,100,73,97,86,53,44,18,95,91,35,94,62,97,99,100,70,93,100,100,79,76,72,95,21,96,100,95,91,77,99,96,79,82,100
2004-03-01,74,82,94,98,87,89,73,61,53,100,78,92,76,87,95,81,87,75,92,82,73,34,82,78,96,83,100,71,100,78,100,100,98,29,91,54,100,23,97,96,92,96,77,84,90,97,93,96,88,97,62,58,34,91,84,90,94,76,100,96,84,83,86,76,77,88,89,87,68,44,93,84,70,92,40,49,70,80,93,83,71,76,62,64,88,55,89,83,46,20,80,77,79,71,79,80,45,92,100,100,70,54,41,91,89,86,82,85,86,86,91,51,56,18,98,99,42,86,53,83,100,94,88,72,91,83,100,78,71,100,20,99,98,99,94,100,95,100,82,100,97
2004-04-01,72,82,93,96,89,83,70,55,54,94,73,89,80,83,89,81,85,77,90,81,71,25,83,74,88,82,99,79,96,90,95,99,97,31,87,58,95,21,91,88,87,94,58,86,86,95,94,86,83,85,66,54,31,100,83,85,85,83,87,95,90,82,76,85,83,100,91,82,72,47,93,90,64,95,37,48,69,79,93,87,72,70,65,60,79,52,87,85,50,21,81,70,81,78,78,72,46,83,93,96,66,53,39,81,85,90,82,90,82,76,80,49,47,16,97,96,44,96,50,70,91,91,82,77,78,78,77,81,57,88,22,89,92,89,98,96,94,87,77,81,89
2004-05-01,74,81,94,96,97,92,66,53,49,94,65,81,81,81,100,80,85,79,87,78,70,25,81,78,85,75,72,78,80,74,94,94,99,29,84,58,84,42,82,82,81,90,54,81,84,83,93,89,72,81,60,49,32,88,76,79,84,74,66,100,93,89,69,85,78,97,96,81,74,48,89,97,70,78,37,46,66,80,83,100,77,70,74,63,74,54,80,84,58,21,78,69,89,81,84,79,45,84,85,92,75,59,34,79,88,88,77,84,75,74,82,43,46,19,92,92,53,77,45,67,85,86,44,68,79,74,61,100,52,91,20,89,90,84,90,86,88,93,76,64,80
2004-06-01,82,71,90,89,100,84,64,54,57,89,68,69,80,82,95,79,87,86,86,75,71,31,84,81,60,78,57,80,81,94,84,76,83,24,68,52,86,21,83,81,83,87,54,85,83,84,90,93,62,80,61,50,34,90,78,78,87,82,65,93,90,85,65,87,78,93,85,64,85,47,87,100,65,88,32,49,69,78,70,95,76,72,65,60,74,54,76,73,81,21,75,69,88,93,87,88,46,79,81,84,74,52,36,78,89,65,77,80,80,81,66,46,44,47,89,91,61,91,43,75,89,87,43,63,74,78,58,86,68,86,21,96,77,83,89,81,86,80,86,70,80
2004-07-01,94,66,90,92,94,86,65,53,57,89,66,67,79,85,92,78,100,100,87,74,73,27,73,75,88,79,64,88,78,94,78,63,67,29,63,51,82,17,74,80,82,86,57,84,83,81,86,91,63,74,47,54,32,75,67,77,82,72,67,97,83,73,63,84,81,83,74,69,100,46,84,99,66,85,31,48,70,75,62,80,76,74,54,65,79,52,66,75,73,18,79,71,92,100,100,93,47,78,87,90,100,61,32,78,90,53,68,67,82,76,57,42,39,14,85,92,60,91,42,67,93,86,37,50,77,73,59,86,58,79,19,89,87,77,80,71,81,74,80,59,74
2004-08-01,82,69,93,95,88,96,69,54,55,91,66,70,79,88,91,81,96,99,91,81,75,26,82,87,73,80,84,96,82,96,79,55,78,29,66,64,87,17,77,81,91,89,55,89,79,84,92,84,59,71,60,59,33,74,78,77,80,91,73,91,89,83,65,90,88,89,91,93,98,50,100,87,67,84,31,49,67,76,58,89,79,77,53,64,86,57,67,78,48,19,85,72,93,94,94,90,53,86,90,94,91,66,34,92,92,50,77,70,86,76,55,41,40,13,87,95,45,95,42,64,89,83,37,80,77,63,88,87,52,79,18,90,86,78,100,59,82,79,100,63,72
2004-09-01,70,75,88,93,91,90,69,50,59,85,71,79,74,76,89,81,85,85,93,82,77,30,94,93,92,77,78,100,77,97,82,75,75,29,72,59,93,16,84,87,94,90,53,90,86,84,89,100,70,80,61,53,33,80,92,77,95,75,80,86,76,85,71,86,92,90,80,99,65,51,89,91,64,85,30,49,66,75,81,98,79,76,54,64,81,57,72,70,54,21,81,67,80,73,73,64,48,86,84,86,85,80,33,100,82,67,80,87,77,81,64,44,51,15,92,93,38,87,44,78,89,84,38,80,74,69,90,86,63,85,21,85,85,83,82,74,86,80,70,76,83
2004-10-01,71,79,85,90,84,81,76,54,57,89,81,87,76,71,84,87,79,77,93,100,79,26,94,90,68,75,78,89,71,85,87,81,74,29,80,61,97,19,97,93,92,90,51,93,87,86,85,92,69,83,59,56,34,87,85,78,96,68,71,80,81,84,73,83,91,85,65,90,54,50,79,73,60,85,30,50,68,77,78,84,81,79,58,63,82,55,79,73,47,23,77,68,74,69,74,64,52,80,89,88,64,56,36,86,81,78,69,76,67,77,82,48,45,24,89,94,29,81,49,76,88,88,39,79,74,88,78,83,57,81,19,79,88,86,77,79,89,92,80,89,92
2004-11-01,73,86,84,88,93,91,76,58,68,92,84,100,77,68,78,89,80,76,93,92,84,35,100,100,100,77,78,83,66,73,86,91,100,31,85,65,94,17,100,93,91,98,57,95,90,87,88,89,77,96,67,60,33,93,88,87,99,67,84,96,79,89,74,94,93,87,85,88,49,52,91,87,61,100,33,55,74,78,87,86,83,87,66,76,90,58,85,69,53,22,78,72,70,65,73,67,64,81,91,86,64,65,38,92,90,100,77,78,68,70,100,53,64,30,95,97,29,87,50,68,95,92,38,83,76,82,73,80,63,77,23,88,83,92,84,90,95,92,82,94,90
2004-12-01,71,76,77,79,80,78,84,55,49,77,76,78,67,57,63,100,83,72,93,93,99,37,83,90,62,65,60,77,54,73,67,63,63,32,74,64,86,13,76,88,97,80,53,100,75,81,73,75,66,78,55,60,33,70,72,69,83,65,60,91,73,66,64,100,64,61,81,74,39,59,72,74,59,76,32,67,84,63,87,71,63,91,100,75,77,57,67,60,54,22,72,67,56,65,75,66,71,86,87,79,57,62,33,92,89,69,60,51,53,65,70,42,61,12,76,76,23,79,45,65,76,76,34,73,66,54,61,79,49,72,19,74,66,71,72,68,81,75,59,63,70
2005-01-01,73,79,84,88,84,90,75,63,65,93,100,88,74,84,87,84,100,96,94,85,81,32,99,97,64,78,95,89,81,76,78,80,87,30,80,54,88,17,85,89,95,89,72,98,82,90,86,86,80,84,67,80,33,84,94,88,100,70,72,90,78,90,71,94,80,97,72,83,57,53,84,74,100,89,33,59,66,72,79,95,82,83,56,71,79,55,84,68,56,19,84,89,100,69,85,92,50,82,93,86,89,63,37,97,93,79,86,90,80,79,80,47,49,12,92,90,31,85,48,89,82,82,50,88,75,72,91,84,58,73,22,86,86,92,79,70,89,91,74,79,80
2005-02-01,73,75,86,94,85,98,76,66,68,96,79,88,72,89,91,84,93,96,91,87,74,34,99,93,81,75,85,89,84,86,81,84,82,30,81,57,88,15,88,95,89,90,92,98,88,98,89,100,74,89,59,72,36,87,86,88,95,69,81,88,79,95,74,91,95,97,75,84,61,52,91,89,73,88,40,54,73,73,93,95,79,78,88,65,78,56,82,70,66,20,78,75,88,78,84,84,46,81,89,97,76,60,39,77,100,70,91,89,83,86,83,51,48,13,90,90,35,100,54,97,92,87,68,86,78,94,79,80,58,77,23,84,86,95,87,74,92,88,76,66,84
2005-03-01,81,79,91,95,87,100,75,66,60,97,80,87,72,89,93,82,93,91,86,86,77,31,100,91,90,78,81,89,82,88,95,80,84,31,78,59,89,19,87,84,81,92,60,94,83,98,85,91,80,89,65,62,37,84,80,96,97,71,72,79,81,93,72,89,100,99,88,84,65,52,97,79,69,88,34,53,78,68,79,92,82,73,66,64,76,59,100,72,61,20,80,73,76,79,80,93,52,84,87,98,68,49,40,75,87,70,86,83,83,77,74,47,51,12,97,97,37,89,46,81,86,79,96,87,71,67,88,74,79,68,28,80,72,100,96,71,93,87,76,80,85
2005-04-01,72,83,100,100,95,92,68,57,63,96,73,81,79,86,100,79,84,81,79,84,69,27,93,80,76,76,87,83,83,100,93,81,90,26,76,66,84,25,85,87,77,88,54,91,73,95,86,84,70,81,62,52,38,86,77,91,89,72,73,84,89,98,71,91,87,98,81,84,66,49,96,84,75,90,34,50,68,76,82,95,86,68,60,61,74,55,86,78,58,17,83,68,82,76,77,79,50,83,84,89,66,53,41,76,88,88,87,81,85,78,81,46,50,15,96,90,42,79,45,77,80,76,78,84,68,52,76,64,52,66,29,70,76,83,96,78,88,80,79,87,82
2005-05-01,79,77,89,93,90,86,66,64,60,91,69,75,82,82,79,77,83,83,76,80,73,29,88,80,62,75,66,86,83,79,98,77,73,29,67,59,79,18,78,78,73,82,50,91,74,84,86,88,59,77,63,48,38,78,74,87,86,68,65,86,90,97,60,89,72,97,68,79,74,50,94,86,64,73,37,49,64,76,72,100,86,66,70,62,69,53,84,69,60,16,77,65,87,82,80,80,47,86,83,88,68,61,37,69,89,85,88,82,84,100,78,44,50,18,92,87,53,76,38,67,79,72,45,73,75,63,61,60,55,64,24,75,63,81,91,74,85,82,80,66,79
2005-06-01,86,67,88,90,96,82,66,62,54,83,74,70,77,84,79,77,87,88,74,78,71,31,85,74,75,76,59,78,81,99,90,76,76,29,62,55,74,17,76,77,72,86,48,90,72,85,82,88,100,73,57,48,39,79,75,78,86,69,62,85,82,100,57,88,72,88,80,65,83,48,89,88,59,81,31,51,64,85,68,92,85,67,66,61,66,60,85,68,63,17,73,61,91,92,84,87,49,84,81,85,75,55,37,65,85,66,78,72,81,76,59,42,46,11,90,78,68,87,40,60,83,74,39,56,69,55,57,54,46,67,22,71,65,78,80,74,84,78,80,63,69
2005-07-01,100,63,89,94,82,83,65,64,57,84,65,63,74,88,88,79,98,100,73,77,71,26,78,74,65,75,63,85,73,89,79,62,70,27,63,52,74,21,71,75,71,78,48,90,69,86,82,82,53,65,57,51,39,67,65,71,80,71,58,97,83,86,56,90,70,78,68,67,95,54,82,98,57,75,28,52,68,72,58,85,83,71,48,62,71,54,68,71,68,16,77,61,93,96,100,100,56,78,80,83,87,62,36,66,91,52,72,61,85,72,54,40,71,10,93,79,58,76,40,65,71,71,36,50,61,65,47,52,40,61,18,71,71,68,81,70,77,68,71,53,62
2005-08-01,87,72,90,98,96,91,67,66,59,88,68,64,77,90,93,83,96,96,78,82,72,25,86,86,80,84,69,98,82,95,72,56,69,31,62,62,77,50,70,79,80,82,51,94,69,91,88,86,55,68,66,51,43,67,75,80,79,78,63,92,82,91,59,99,82,86,66,73,86,57,97,90,76,74,29,55,66,73,59,90,85,73,53,65,77,59,86,87,56,20,82,66,94,96,92,91,58,83,84,89,85,63,38,74,91,49,84,71,92,89,54,40,53,10,99,97,46,92,46,66,76,73,34,86,64,63,66,61,51,63,18,73,55,70,93,63,82,75,75,61,65
2005-09-01,80,78,83,87,83,92,68,63,62,88,94,68,70,80,85,79,77,79,79,82,75,29,94,90,90,82,87,83,73,80,83,74,65,28,67,57,84,100,78,74,79,80,50,97,73,86,82,88,58,71,59,48,40,72,88,89,92,75,72,75,77,92,60,86,68,86,64,78,62,53,87,75,59,70,29,51,62,76,70,81,84,70,52,62,75,53,94,100,64,24,78,64,78,71,66,66,48,77,78,81,70,62,34,91,82,60,82,77,72,74,80,43,53,11,100,87,34,94,50,74,76,73,38,75,70,69,68,57,53,62,20,69,66,84,80,60,85,70,71,67,66
2005-10-01,76,85,80,85,89,89,75,68,61,93,80,77,71,74,80,85,75,74,77,95,75,28,93,84,71,84,81,79,80,80,94,77,78,28,65,61,83,23,82,76,75,77,45,92,73,86,78,83,62,75,59,49,42,75,80,92,92,78,71,80,74,92,65,86,68,86,55,85,48,52,82,77,60,72,30,49,67,85,71,76,88,74,59,66,81,50,92,67,33,25,75,66,72,58,70,67,52,71,80,77,65,54,38,70,85,76,77,62,69,76,77,44,48,13,99,95,32,87,48,65,78,73,35,78,71,64,65,58,57,59,21,70,73,94,78,69,84,75,69,83,71
2005-11-01,85,95,77,79,89,86,75,71,67,93,78,85,75,70,81,91,74,75,82,91,84,35,97,91,77,81,65,73,68,70,83,76,76,29,73,64,87,18,81,81,77,82,51,95,77,82,75,91,71,84,59,50,43,78,81,99,94,76,68,87,71,93,64,93,77,80,72,82,41,57,85,73,56,79,31,53,68,78,71,91,84,83,65,69,90,56,95,62,53,21,74,69,61,63,66,67,62,75,79,78,58,59,37,78,90,83,78,66,73,87,78,45,51,23,95,95,28,87,48,71,81,76,35,78,75,68,63,58,48,61,19,70,64,97,82,73,86,88,69,78,80
2005-12-01,81,86,71,73,74,74,84,73,58,79,65,69,66,61,57,99,77,71,83,94,100,35,87,95,56,70,62,67,60,69,64,56,61,29,69,63,72,15,65,74,81,71,48,99,65,81,68,69,54,72,54,56,43,66,68,81,82,75,62,97,69,73,51,100,68,63,71,67,37,65,71,68,53,64,33,64,100,58,62,63,69,98,89,69,77,59,76,56,58,23,73,62,51,66,71,66,74,83,86,73,56,64,35,91,94,75,60,47,65,63,63,39,46,22,88,76,29,75,44,61,70,67,34,72,68,58,49,60,37,55,17,62,55,68,66,55,77,72,57,61,60
2006-01-01,83,85,77,82,91,90,74,75,65,94,70,73,70,86,90,82,92,91,79,84,76,33,97,98,77,96,90,90,78,87,82,62,85,31,77,53,80,15,69,78,82,78,67,95,67,91,89,83,65,81,62,91,41,80,84,100,89,82,69,87,73,85,62,90,67,92,64,76,50,51,82,76,63,72,29,53,71,73,73,90,77,87,58,67,94,56,92,76,50,18,75,100,92,65,81,92,50,74,85,85,85,54,38,82,95,71,84,76,82,85,76,46,54,54,100,93,32,83,60,77,73,70,56,88,68,76,73,60,48,59,22,71,65,94,78,64,83,77,63,64,72
2006-02-01,75,86,77,81,86,82,73,77,64,95,68,74,68,88,91,77,85,87,73,80,67,32,93,92,71,89,73,83,81,86,84,69,81,30,71,52,80,15,76,80,72,80,68,94,73,93,82,88,66,76,55,69,40,76,78,98,93,96,67,91,72,88,62,85,78,86,63,76,54,49,89,72,62,66,30,51,63,76,70,82,76,71,73,63,82,56,91,71,49,16,70,82,77,66,78,84,47,73,79,79,67,50,41,64,94,69,84,73,82,72,65,44,51,16,91,86,33,77,61,93,77,72,72,79,72,67,66,55,57,59,24,73,67,94,81,65,84,72,78,66,74
2006-03-01,76,86,80,86,86,92,71,73,63,94,71,76,70,89,95,78,85,86,72,83,65,32,95,87,76,91,73,75,82,86,91,73,90,30,75,55,76,19,74,84,70,79,80,91,70,95,95,87,65,77,52,63,43,76,75,99,90,75,65,76,80,93,64,88,78,88,73,75,55,50,93,77,59,78,28,50,71,80,71,86,79,79,56,59,84,59,95,84,55,19,74,83,73,69,75,83,48,72,87,84,69,58,46,69,88,70,82,72,84,88,68,48,41,13,95,95,39,76,59,74,72,73,88,76,71,59,77,47,46,59,26,62,73,94,93,62,88,75,71,71,72
2006-04-01,75,84,86,90,91,82,68,71,62,90,66,70,77,91,89,80,77,75,67,84,64,30,88,88,70,91,70,71,87,94,92,65,86,29,69,66,71,30,69,73,65,75,46,90,62,94,86,76,59,70,56,49,42,73,70,91,83,81,63,84,89,90,58,90,89,89,59,72,61,50,88,76,60,67,28,48,65,83,69,85,83,72,59,57,79,55,95,93,43,19,73,74,69,72,70,79,52,76,79,83,60,51,43,61,85,76,83,70,85,68,71,42,47,12,89,87,46,76,56,69,69,65,84,73,61,63,60,46,43,48,27,63,64,86,86,64,82,73,71,68,66
2006-05-01,78,91,82,86,89,77,64,69,62,94,61,60,78,84,81,77,77,80,64,79,63,29,88,84,61,87,58,72,82,84,95,70,80,29,59,59,72,21,66,71,61,74,42,85,61,88,91,84,57,68,57,42,44,72,70,89,78,75,59,83,85,91,54,89,66,86,61,68,67,49,88,74,58,67,29,51,64,86,68,94,83,62,68,56,74,61,90,82,55,20,69,73,72,76,75,75,52,75,71,78,66,57,36,59,89,79,84,68,80,64,59,40,45,11,87,83,61,68,53,73,65,66,52,73,63,73,52,41,40,55,20,61,59,80,86,66,77,72,70,67,64
2006-06-01,83,87,81,81,85,80,66,70,61,91,60,60,75,84,80,77,82,84,66,78,64,27,86,86,59,88,60,75,79,87,87,61,82,30,56,57,68,18,65,69,62,74,41,94,60,85,89,90,52,66,56,45,43,68,68,90,80,100,53,85,81,92,53,90,71,84,67,64,71,53,89,78,56,68,27,51,70,87,55,83,84,68,63,55,74,65,85,82,63,100,70,67,81,84,81,82,54,76,70,82,66,58,37,59,89,58,80,64,81,79,59,39,45,10,91,84,68,78,45,59,70,70,39,57,62,80,47,42,47,54,18,61,63,77,86,68,76,65,66,57,61
2006-07-01,94,80,83,86,87,82,67,74,61,83,61,55,77,91,87,76,92,95,65,75,64,25,83,89,68,98,67,77,76,88,80,53,71,30,58,54,63,24,60,68,62,71,40,93,58,89,92,81,47,62,56,51,47,64,57,85,78,82,50,83,71,87,49,89,77,74,45,74,85,54,89,89,58,65,25,51,72,84,52,83,85,78,51,60,84,62,80,92,44,45,71,70,89,92,94,95,58,74,71,86,84,56,38,61,88,44,74,55,88,71,46,37,47,9,97,90,66,73,42,62,67,66,38,48,58,68,46,43,39,54,19,61,45,72,87,54,73,60,69,51,52
2006-08-01,89,86,84,86,94,87,67,71,59,92,64,52,72,92,84,78,96,91,67,80,66,27,88,100,64,94,67,89,78,84,79,52,74,29,54,62,68,22,58,67,69,71,44,94,57,86,94,79,48,59,57,51,46,62,68,85,76,68,58,78,76,86,48,94,63,80,50,75,78,53,95,80,61,66,22,56,69,80,55,83,82,80,51,58,90,66,82,90,47,19,73,69,83,84,90,86,64,74,71,85,75,68,36,72,91,48,79,59,88,73,49,35,50,10,91,91,48,71,44,64,68,68,33,87,62,57,61,44,35,55,17,57,57,73,88,45,77,62,66,54,57
2006-09-01,79,87,79,81,83,81,72,72,67,93,69,60,70,80,86,79,76,78,69,81,68,26,94,95,62,90,77,87,71,82,86,56,72,32,54,67,73,21,65,69,67,72,41,96,59,83,93,80,56,67,55,51,47,66,82,92,81,74,65,75,80,85,53,88,77,84,48,87,63,53,88,63,58,61,23,54,67,79,63,79,81,80,50,59,90,58,84,83,46,26,73,72,69,69,64,65,58,68,75,82,66,54,37,82,85,62,80,67,75,83,61,39,50,13,96,92,35,74,46,70,62,66,37,78,65,60,59,45,43,53,19,56,57,85,86,55,78,67,65,61,60
2006-10-01,73,93,77,81,84,83,77,74,67,97,74,74,71,80,80,85,76,76,72,95,70,29,93,91,70,95,82,74,78,78,91,66,76,31,57,68,76,15,73,81,67,73,38,95,62,84,93,80,63,70,59,61,47,70,74,98,87,78,65,74,75,87,56,85,73,79,55,77,47,55,86,70,56,59,24,57,73,80,67,87,82,81,55,59,92,58,87,81,45,21,71,72,64,65,63,66,67,67,81,82,61,55,40,61,87,72,76,60,69,74,67,46,42,15,91,96,35,76,52,67,65,77,37,81,64,81,60,46,44,53,19,59,67,92,82,56,81,74,64,71,66
2006-11-01,80,100,72,79,77,81,74,78,71,100,67,78,73,73,74,89,74,70,72,91,82,30,95,90,66,91,62,70,69,76,79,63,68,32,66,71,77,14,73,87,67,74,41,96,64,85,90,81,59,73,58,65,45,73,76,97,93,72,61,71,73,84,61,90,73,74,58,80,38,63,82,68,56,66,26,63,74,77,66,81,80,88,57,62,100,65,88,75,50,20,72,74,63,61,65,64,84,73,75,83,58,52,38,68,88,80,73,55,65,66,70,49,45,19,92,91,29,74,57,67,66,78,39,82,68,65,58,43,45,53,20,60,68,90,75,63,81,71,63,71,62
2006-12-01,74,88,66,69,72,69,87,81,61,74,54,56,64,64,66,97,74,71,73,91,93,36,83,92,54,80,50,58,58,65,65,46,56,32,59,66,64,13,55,71,66,63,40,94,52,80,78,66,46,65,49,68,47,60,60,78,76,69,50,85,68,68,44,100,57,57,50,67,37,76,74,62,50,57,23,79,99,63,48,66,66,100,80,65,89,77,71,67,46,20,65,68,51,62,65,63,100,79,79,74,56,60,37,81,94,66,61,36,58,61,54,37,44,13,86,70,28,65,47,64,55,59,32,76,54,53,44,45,31,47,16,54,45,67,69,52,72,63,51,50,50
2007-01-01,76,81,75,75,78,89,72,81,73,95,66,66,67,92,98,81,86,84,69,81,75,31,94,90,63,100,77,74,84,78,74,55,60,32,60,58,70,15,66,88,67,78,70,96,58,92,96,80,61,65,59,100,48,77,75,96,94,76,64,66,71,84,57,87,69,84,59,73,45,59,82,80,61,63,23,65,70,75,65,88,78,88,50,61,94,63,86,80,53,16,76,92,81,66,73,83,63,68,84,81,72,56,37,71,88,57,93,65,87,76,59,48,49,12,89,88,34,76,59,77,59,72,57,79,60,54,70,45,41,54,22,57,63,85,80,58,80,68,53,59,60
2007-02-01,76,80,76,77,78,79,73,81,66,96,66,68,66,92,92,78,84,85,67,79,65,33,93,87,68,97,74,73,87,77,74,59,59,32,65,52,69,18,72,83,65,80,100,93,61,97,91,84,56,65,59,86,49,72,72,96,87,75,61,69,68,86,58,86,74,83,53,76,49,51,85,64,56,59,28,63,65,79,74,89,78,77,66,57,88,58,88,83,44,16,76,77,70,67,72,81,51,63,86,81,67,50,43,57,90,57,86,66,82,72,62,49,46,14,94,87,31,74,60,100,62,76,76,84,64,57,63,41,46,52,24,61,57,89,82,57,81,68,60,58,63
2007-03-01,86,79,81,83,85,85,72,79,68,96,65,74,69,98,100,78,83,78,66,79,65,30,97,82,69,99,72,70,88,87,81,61,68,32,61,66,67,20,78,88,60,80,43,91,57,100,99,82,55,63,60,77,56,76,70,96,92,76,57,72,74,88,57,87,64,84,59,72,50,60,91,74,62,63,26,62,70,79,64,95,79,77,48,54,87,68,90,91,51,17,100,77,65,68,67,78,60,67,85,86,62,49,41,61,86,56,100,64,100,81,62,51,47,20,92,96,38,76,54,76,62,76,100,76,60,58,75,39,44,51,34,58,63,88,94,58,79,72,62,63,60
2007-04-01,75,84,88,85,83,84,70,79,67,92,62,69,74,100,99,76,77,75,62,80,61,28,98,79,66,94,84,66,83,83,84,59,66,33,61,67,66,17,68,83,58,76,39,91,54,99,100,74,57,65,57,60,63,69,68,93,84,80,56,75,83,90,51,90,74,84,54,70,56,57,91,71,55,62,28,60,68,80,67,90,83,73,53,58,88,68,88,93,47,15,99,78,63,69,63,74,63,69,77,85,60,54,40,56,81,63,94,61,98,67,62,46,49,14,92,89,45,71,52,74,56,69,93,80,58,59,61,39,41,54,33,56,61,79,96,57,79,71,68,57,62
2007-05-01,76,79,78,78,82,74,63,72,65,85,56,58,72,90,91,69,72,69,56,72,55,28,83,70,58,90,63,69,78,74,82,60,55,30,53,62,60,24,63,73,52,76,34,79,51,84,94,78,48,57,56,46,60,64,62,84,69,66,48,73,80,88,47,84,70,78,47,62,59,57,84,65,51,55,25,57,64,81,56,83,79,64,56,51,76,63,85,87,42,13,76,68,63,69,65,69,59,63,72,75,56,48,35,54,82,58,92,58,92,63,55,44,40,13,83,77,62,68,48,60,55,66,46,74,53,53,49,29,39,47,22,49,52,71,86,59,75,65,64,52,55
2007-06-01,75,71,75,75,84,73,62,74,61,83,54,50,68,83,88,71,76,74,54,69,57,26,82,67,51,88,64,68,81,73,78,57,58,28,46,53,57,16,60,73,52,72,35,83,49,83,88,71,46,55,56,48,59,63,58,81,70,67,47,78,78,83,44,85,59,73,47,57,64,57,81,71,52,59,22,56,69,81,54,78,76,65,51,52,74,74,78,81,44,16,74,66,64,76,72,73,60,69,68,75,60,48,35,49,79,48,78,51,89,63,48,41,41,10,83,76,64,70,46,59,51,63,40,54,53,46,41,29,38,46,20,48,48,69,81,55,72,54,62,50,52
2007-07-01,97,67,78,78,79,73,63,73,61,80,51,46,68,89,85,72,85,84,54,66,59,24,80,67,55,89,52,69,79,81,73,46,53,29,45,50,53,15,58,70,52,65,32,84,49,82,90,74,42,51,53,57,60,55,50,80,67,67,42,70,73,79,42,85,66,68,55,58,80,59,81,71,52,67,21,56,69,75,50,78,75,74,41,56,80,75,71,83,53,21,74,66,74,81,83,81,67,70,68,80,69,53,35,57,80,39,69,44,96,62,43,43,40,9,84,81,54,70,46,57,53,66,36,41,55,40,44,30,34,46,18,48,51,64,81,54,67,58,60,71,44
2007-08-01,80,69,75,77,84,75,64,70,61,80,49,43,68,88,85,76,82,80,58,74,60,27,83,76,55,91,64,83,77,74,69,41,50,28,48,63,57,13,55,69,56,66,31,88,47,82,91,73,45,51,55,56,64,57,59,79,70,64,50,72,76,80,42,85,64,69,57,65,67,62,84,66,51,60,18,58,67,75,61,80,73,73,41,58,82,75,72,83,42,18,78,68,73,77,79,72,68,70,71,83,67,62,34,59,78,36,84,46,95,77,54,47,44,10,84,85,44,72,47,59,51,62,33,76,54,44,57,32,34,46,17,48,46,61,85,49,69,57,62,54,46
2007-09-01,67,77,71,72,77,73,65,65,60,85,58,60,64,79,85,74,70,67,58,75,61,25,90,76,54,87,69,79,68,74,75,46,54,29,43,63,62,13,66,74,55,69,57,87,48,83,88,72,47,52,54,58,62,57,75,83,78,69,57,63,79,78,43,77,73,68,46,72,49,61,77,65,50,58,20,55,65,74,52,80,74,70,39,61,81,70,73,78,41,22,74,70,60,57,57,59,63,65,70,80,60,57,32,73,72,50,76,53,80,53,61,44,54,14,86,82,33,70,46,61,50,64,36,71,54,47,59,32,100,45,18,47,49,73,75,49,71,62,59,57,48
2007-10-01,63,79,68,70,69,72,69,65,61,81,59,72,62,75,79,75,67,64,57,86,62,26,88,73,64,84,59,71,66,67,78,55,52,29,51,65,61,13,73,77,54,76,34,84,51,85,87,73,53,58,59,64,65,62,64,90,84,69,65,65,72,80,49,79,84,67,46,66,40,59,75,65,55,77,20,58,64,74,57,77,74,67,43,63,84,70,79,76,43,18,73,68,51,55,55,55,67,71,70,80,54,52,36,55,72,55,80,48,73,60,56,49,48,19,82,83,34,72,52,60,49,66,38,72,55,51,56,30,51,46,18,47,55,76,76,51,70,67,61,60,54
2007-11-01,63,79,67,67,72,71,68,73,63,80,61,74,64,67,71,84,68,63,60,84,69,27,92,78,70,85,67,57,61,69,69,49,50,29,52,73,62,13,69,76,56,76,38,87,50,85,84,74,53,67,55,67,66,60,63,84,86,66,60,69,73,78,47,83,71,64,48,58,34,70,76,60,58,73,21,63,65,75,57,75,73,75,47,72,91,81,82,73,34,16,72,68,47,53,53,55,92,85,72,75,49,53,34,59,74,60,78,47,67,64,65,51,45,12,84,77,29,68,53,62,50,68,37,71,57,52,50,31,44,47,17,46,53,78,74,53,73,65,50,60,53
2007-12-01,61,72,59,59,61,58,77,71,54,69,49,53,58,57,55,87,66,58,59,81,81,30,82,73,54,69,58,45,50,56,56,35,39,31,49,70,52,11,47,68,56,57,33,88,41,69,71,55,42,53,48,66,66,52,51,71,68,62,44,72,70,60,35,90,48,50,41,55,30,82,65,52,45,48,21,74,80,58,42,54,59,88,61,81,76,100,63,62,35,16,64,63,41,55,53,53,99,100,73,73,47,54,32,62,77,51,52,31,52,45,50,38,43,11,75,62,23,61,40,55,40,54,31,69,45,44,38,30,29,40,15,38,40,58,65,45,64,53,40,47,40
2008-01-01,65,68,64,65,68,75,67,72,62,80,56,60,60,76,76,73,78,71,54,69,66,26,87,75,66,88,71,69,74,67,62,45,43,30,47,52,56,13,58,72,54,71,49,81,42,81,89,65,47,52,53,99,67,61,65,83,84,62,54,64,70,73,43,76,76,70,41,58,38,59,69,54,51,50,21,56,57,68,53,74,67,71,40,66,83,74,74,71,32,13,71,85,77,57,62,74,59,72,68,73,63,48,34,54,72,47,87,52,83,61,74,55,42,14,82,76,27,70,54,63,44,60,48,68,49,46,59,29,34,42,20,40,50,73,71,50,68,62,49,48,50
2008-02-01,65,69,63,67,61,71,63,68,59,77,53,65,55,78,79,66,74,68,51,65,54,27,83,69,66,82,76,61,69,66,63,43,44,30,46,50,53,14,62,71,50,69,70,80,43,79,81,67,48,51,50,82,65,64,58,83,75,65,55,61,69,73,42,72,64,67,44,53,39,56,69,57,48,52,22,54,56,65,52,72,63,62,47,56,74,64,71,69,39,12,67,71,58,55,58,68,53,59,70,75,57,50,33,47,74,44,85,50,86,48,58,47,39,15,81,72,27,62,48,71,43,60,61,70,48,49,57,29,38,43,22,43,48,72,72,50,68,58,51,52,49
2008-03-01,62,64,66,68,65,66,63,63,56,75,51,62,59,81,79,69,72,63,50,68,55,24,83,64,57,83,79,56,72,72,65,42,45,30,48,53,51,15,60,70,47,66,36,75,40,82,83,63,47,52,51,70,69,59,54,81,74,60,52,64,76,75,42,74,58,65,40,54,41,58,77,57,48,54,19,51,57,66,51,73,67,64,37,59,76,67,71,74,34,13,69,68,57,55,55,68,57,67,70,78,53,48,38,47,70,45,82,47,89,54,60,50,42,15,79,77,31,68,49,59,41,56,76,64,45,41,52,28,35,40,26,40,42,67,80,49,65,61,49,48,47
2008-04-01,57,63,72,72,74,71,57,64,59,74,50,60,65,80,83,66,64,62,46,67,51,24,85,64,67,84,69,58,73,76,69,46,51,29,47,60,53,22,70,70,44,71,34,75,41,83,87,68,48,52,54,54,71,55,56,79,80,65,45,68,80,77,43,75,66,68,38,53,44,53,77,62,46,50,22,53,55,73,52,76,72,55,38,56,75,69,80,80,40,12,72,67,51,55,50,61,57,72,66,75,48,47,37,44,69,49,84,50,84,50,58,47,42,11,78,73,43,62,47,67,43,58,80,65,43,44,50,25,33,40,30,39,49,69,84,61,68,59,59,48,51
2008-05-01,61,60,67,65,73,62,58,64,54,73,51,50,65,76,77,65,63,58,45,65,48,22,78,60,50,78,55,55,67,67,73,45,44,29,45,54,50,24,60,63,41,65,27,74,39,74,84,63,65,46,51,47,71,53,50,75,62,56,41,64,80,75,38,73,55,64,40,50,50,60,73,57,43,45,19,49,56,71,49,71,71,55,45,58,69,71,75,77,50,11,66,62,63,57,54,59,58,71,63,70,48,41,34,42,67,44,79,44,79,56,49,40,39,11,75,68,47,58,43,52,40,56,41,63,44,35,39,26,29,40,19,37,45,61,81,53,65,55,58,45,45
2008-06-01,63,56,64,62,67,61,54,62,54,67,46,43,58,69,71,62,63,56,43,59,48,21,71,57,59,75,55,60,62,60,66,37,44,28,44,48,46,26,55,57,39,60,26,69,34,70,77,63,36,43,47,46,63,50,47,70,60,61,39,72,71,73,35,69,53,58,32,45,53,53,70,58,43,44,17,49,54,72,44,66,67,52,40,50,66,71,72,71,47,17,66,61,56,59,59,61,57,68,64,66,48,44,31,38,65,37,70,39,77,52,43,38,34,9,74,64,52,54,41,43,38,51,32,43,39,36,35,24,29,38,16,34,39,57,76,55,60,49,52,42,41
2008-07-01,73,53,65,63,66,60,55,62,53,65,45,37,57,73,69,62,68,66,42,58,48,22,73,56,56,76,54,60,63,63,60,34,40,28,38,48,44,21,52,60,39,58,26,76,34,70,78,63,35,41,51,52,71,47,41,72,64,53,35,66,69,68,35,69,57,57,38,45,66,51,69,60,42,45,19,51,57,66,42,67,67,56,33,52,69,76,68,68,42,12,68,56,63,69,65,71,59,75,59,65,55,49,31,41,65,31,68,36,82,50,47,39,32,8,73,66,49,54,41,44,38,52,32,35,42,31,36,24,27,39,16,36,43,52,72,51,61,50,54,39,36
2008-08-01,67,56,61,60,66,58,58,62,52,66,44,36,56,71,71,64,66,62,44,65,49,21,72,62,51,75,50,66,56,60,59,28,39,29,37,55,44,15,51,59,44,58,26,76,34,68,73,55,32,40,50,54,71,46,47,69,58,74,41,66,66,65,32,68,49,54,41,53,59,53,67,54,42,42,16,47,54,64,38,70,63,57,32,53,70,73,59,65,35,14,68,60,62,58,64,59,61,72,59,67,55,55,31,49,65,29,71,36,81,45,35,33,40,10,77,67,37,52,36,40,35,45,27,63,38,33,42,28,27,36,14,34,33,50,70,48,54,49,60,37,36
2008-09-01,50,58,58,59,62,61,54,57,54,66,48,49,55,66,67,63,56,53,46,65,48,21,77,60,88,78,57,71,61,59,63,38,40,28,37,54,47,25,59,61,41,60,31,75,34,73,77,60,38,46,49,51,69,52,60,71,70,57,45,55,68,69,38,66,56,58,39,60,39,51,65,53,39,40,17,49,50,63,43,70,62,54,32,54,70,61,64,63,36,13,63,60,51,46,44,47,52,59,58,64,46,45,28,53,60,40,71,42,68,49,68,52,39,25,75,64,29,77,49,48,36,51,30,62,41,43,46,24,29,39,15,33,39,63,66,42,61,55,54,46,40
2008-10-01,50,54,55,55,60,60,58,58,52,66,51,56,52,57,62,64,52,48,43,76,45,20,76,60,71,76,58,57,59,53,64,41,41,28,38,56,47,22,62,61,40,60,27,70,36,80,76,60,37,50,48,58,68,56,50,73,72,55,46,55,68,65,36,61,53,56,40,54,28,52,58,51,35,38,16,47,49,63,44,69,59,51,33,53,69,57,66,60,31,13,61,56,46,41,42,43,56,56,59,61,38,38,34,38,56,42,70,36,61,45,94,70,37,35,78,61,30,71,66,50,36,53,30,65,41,42,43,22,42,38,16,31,40,65,58,50,63,57,49,43,43
2008-11-01,55,59,55,53,57,59,59,60,53,63,50,59,51,53,57,65,52,46,43,68,50,22,73,56,75,71,53,49,50,51,54,38,36,30,41,59,48,18,57,63,39,57,27,72,35,70,69,60,40,51,46,62,65,57,49,72,72,54,43,60,66,61,36,63,55,54,33,50,27,59,57,49,36,38,19,45,53,59,44,61,58,61,37,57,74,60,63,54,37,11,62,59,39,39,43,43,71,60,61,60,39,43,31,44,58,45,65,34,56,42,76,53,41,24,75,62,23,52,51,44,35,50,28,60,42,39,39,23,31,35,14,32,43,66,57,47,59,57,48,42,40
2008-12-01,53,54,50,48,51,53,68,61,49,60,42,46,49,45,45,72,55,47,47,68,61,26,70,61,64,65,45,42,48,46,47,29,28,32,40,59,41,14,44,59,41,50,27,75,29,65,62,49,33,47,44,64,69,46,43,63,69,52,32,62,62,52,30,75,47,43,28,42,26,69,55,44,32,31,16,58,66,50,37,57,51,69,47,59,63,73,54,47,39,12,59,55,34,44,43,45,83,74,58,58,37,44,30,50,62,39,49,25,44,44,64,45,38,14,76,49,21,46,44,48,32,43,26,56,35,29,31,24,23,32,12,30,36,49,52,41,55,47,38,35,32
2009-01-01,57,57,53,54,54,61,58,64,55,64,48,50,50,62,57,60,65,56,44,61,49,24,73,62,72,74,57,57,61,52,52,35,36,30,41,50,45,14,52,66,42,57,45,72,35,74,72,59,39,48,45,96,67,60,54,73,76,56,44,56,59,62,36,62,47,63,32,43,30,55,57,50,39,34,17,47,51,59,44,72,56,60,32,55,69,55,61,55,38,11,62,76,65,45,52,62,54,58,61,64,58,39,37,50,62,38,78,39,70,51,64,47,40,12,76,59,24,52,45,62,32,48,37,59,40,37,48,23,26,34,16,32,40,61,60,42,57,53,42,42,37
2009-02-01,54,53,53,54,55,60,57,66,54,68,50,52,50,65,63,56,57,53,41,58,42,24,72,57,76,75,65,59,62,51,52,37,37,30,44,45,46,12,55,66,38,59,66,70,35,76,71,61,37,49,47,76,65,52,51,74,74,56,46,57,61,63,39,61,53,59,35,44,33,49,59,50,38,36,17,42,49,56,46,77,55,51,35,45,62,53,60,55,39,11,61,67,52,44,48,55,47,51,60,62,47,40,37,41,63,35,78,39,72,50,66,47,35,9,73,61,24,49,43,60,35,49,53,61,41,36,46,22,28,36,21,35,42,61,63,42,59,56,44,43,40
2009-03-01,56,54,59,59,60,61,56,63,55,63,50,55,51,67,67,57,56,52,40,59,43,23,73,58,72,79,80,59,83,63,60,38,41,30,47,52,46,12,56,66,38,60,37,73,35,78,77,61,39,54,47,62,67,51,48,75,76,54,42,60,63,66,36,61,56,61,38,46,36,49,63,51,39,38,17,42,52,62,45,81,60,52,32,50,67,55,62,60,36,11,63,63,53,49,47,59,50,59,61,64,43,40,44,38,63,41,79,37,77,47,65,52,40,9,75,62,28,50,46,53,34,50,63,61,39,41,49,23,27,48,24,31,40,65,68,47,60,59,48,47,40
2009-04-01,55,54,61,63,64,58,57,66,54,64,46,54,55,64,61,57,52,47,40,61,40,22,74,50,69,74,79,57,73,63,63,38,38,30,42,54,43,11,55,65,35,58,29,72,33,77,78,62,40,45,47,51,75,47,49,73,72,58,40,57,69,67,36,61,49,59,41,44,37,56,64,49,35,36,17,44,51,64,45,81,62,49,35,48,62,54,62,60,36,10,62,64,50,46,44,51,53,57,56,64,40,40,41,38,57,41,73,36,70,52,56,45,43,9,78,61,34,51,43,46,33,47,58,60,38,38,41,22,24,53,24,30,38,59,68,48,58,52,49,43,38
2009-05-01,55,51,56,56,66,55,56,67,50,61,42,46,55,62,60,55,49,46,35,56,38,19,67,45,60,67,70,54,61,59,64,37,40,30,40,51,40,12,50,62,32,55,26,66,30,67,71,58,34,40,51,38,77,45,45,68,63,51,38,59,68,65,33,57,41,54,39,41,46,53,59,49,35,33,16,40,52,62,42,72,58,46,39,47,58,56,56,56,33,9,61,58,53,46,45,48,52,60,53,61,39,37,44,36,58,38,69,34,64,47,43,38,36,9,73,56,40,44,39,36,29,43,30,55,33,29,33,18,24,48,15,28,36,49,64,49,52,51,50,38,34
2009-06-01,59,49,56,53,70,57,52,64,53,62,43,40,51,60,58,53,51,48,34,53,39,18,66,46,66,67,56,54,61,59,58,34,37,28,40,45,40,10,48,63,32,53,28,70,31,66,73,60,33,42,50,41,74,44,41,68,63,52,34,62,66,64,32,62,41,54,40,37,52,48,58,51,51,33,14,42,55,61,41,77,60,46,37,43,56,60,55,54,48,12,61,55,55,56,49,57,51,65,53,58,42,38,40,35,58,33,64,33,66,55,39,37,58,8,77,57,42,46,37,38,31,44,27,36,35,33,31,15,24,48,14,27,36,51,63,41,52,46,49,35,33
2009-07-01,71,46,56,55,72,59,56,71,52,60,42,39,52,64,58,55,61,57,35,54,40,21,65,46,59,70,55,62,56,56,57,29,37,29,41,47,45,12,47,66,32,52,26,71,29,65,73,60,31,38,50,49,81,41,35,66,61,53,30,61,65,62,31,62,48,50,42,40,61,49,60,52,35,37,15,44,56,60,37,74,59,51,29,48,65,67,51,57,45,11,62,58,61,65,59,72,55,67,54,62,55,40,43,41,61,27,61,28,72,52,37,36,37,7,72,60,38,49,34,38,29,42,24,28,31,35,31,16,23,46,13,28,31,46,62,40,52,46,49,35,30
2009-08-01,65,50,59,57,78,60,58,76,54,65,46,41,57,64,63,58,59,56,36,60,41,21,68,52,60,72,49,75,56,62,57,28,35,30,44,56,40,10,45,67,36,52,29,76,29,64,74,61,31,35,54,46,82,40,44,69,68,53,39,62,67,62,32,62,44,52,43,48,58,50,59,50,36,38,14,44,58,61,37,77,60,54,32,53,68,64,51,59,50,12,65,58,63,62,56,64,63,68,57,65,59,53,45,47,64,27,65,30,72,57,34,36,35,8,72,62,34,47,35,36,28,42,23,57,33,32,40,17,21,48,12,27,34,47,64,38,52,50,48,36,32
2009-09-01,54,52,53,54,71,65,58,68,59,68,46,48,52,58,57,57,51,47,38,60,41,20,69,59,64,70,55,70,53,56,61,32,40,30,44,54,46,10,53,69,35,55,38,75,30,66,73,63,35,42,52,45,77,45,55,73,75,60,39,54,69,64,34,59,50,54,46,52,39,48,57,49,34,31,14,44,53,61,42,72,60,50,30,52,66,54,54,52,51,11,61,60,54,44,45,45,62,59,60,64,44,44,41,51,61,33,65,35,65,49,38,39,39,9,74,60,26,50,36,41,29,45,26,52,33,33,44,17,24,43,12,28,36,54,60,36,55,54,48,42,33
2009-10-01,54,54,53,53,68,62,65,79,73,71,49,57,53,55,54,61,50,45,38,78,40,21,73,52,59,71,51,59,52,57,62,35,37,31,48,64,48,11,58,74,36,54,28,73,34,67,70,63,37,49,52,51,80,44,52,78,78,61,39,53,67,64,36,58,54,53,40,48,27,51,56,44,33,35,14,44,56,62,42,77,62,50,34,55,68,52,56,50,51,11,61,58,54,44,41,40,63,58,59,66,40,39,48,39,60,36,62,33,58,56,44,41,37,10,72,60,24,51,39,41,29,47,27,60,33,35,41,18,23,45,13,28,37,58,58,46,56,57,47,43,34
2009-11-01,55,53,49,49,63,60,63,70,68,67,47,57,51,51,51,63,47,41,38,67,45,22,71,54,66,67,47,56,50,55,53,33,36,30,47,61,46,10,54,70,36,54,28,73,33,64,66,60,38,52,52,52,77,45,50,78,76,59,37,56,60,61,36,58,48,50,46,43,23,61,52,45,32,35,16,43,52,57,40,70,57,57,37,58,73,56,58,45,44,9,61,57,47,38,38,40,76,61,58,64,44,40,42,43,56,41,60,30,57,52,46,39,37,11,70,62,19,47,37,42,30,46,25,60,35,36,39,17,29,43,12,26,40,58,55,42,54,51,44,43,34
2009-12-01,51,50,46,45,60,58,68,70,50,55,39,48,49,45,44,65,49,40,39,71,51,23,66,51,55,62,46,48,43,50,45,26,27,31,42,66,40,9,43,66,36,47,30,70,30,58,58,52,31,44,47,54,80,37,41,62,68,55,27,60,55,51,28,68,40,40,37,36,21,75,50,39,35,32,16,57,66,49,35,63,51,61,44,61,64,63,48,42,40,10,60,56,37,38,40,39,90,68,55,59,36,46,42,51,63,34,46,23,48,46,38,34,37,7,69,52,17,42,32,41,26,40,23,51,29,28,32,18,22,42,10,25,32,45,50,35,51,45,37,35,28
2010-01-01,55,45,48,49,62,64,60,69,60,62,55,50,50,58,53,55,55,50,37,62,41,20,70,57,61,68,50,69,52,54,47,31,35,29,45,53,45,8,46,66,36,53,44,69,30,65,67,59,36,45,49,73,77,42,52,72,74,58,34,55,55,57,31,58,41,54,40,40,25,52,50,43,35,32,15,46,53,56,39,77,56,54,30,55,70,48,54,47,39,8,60,72,62,43,45,61,57,55,57,60,57,42,44,45,67,33,65,33,70,52,41,37,41,8,68,61,19,48,35,48,27,42,35,55,33,33,48,17,22,40,13,28,34,55,52,36,53,52,41,38,32
2010-02-01,50,44,48,48,64,61,59,72,57,58,45,54,48,58,57,53,52,46,35,58,36,21,70,52,60,69,59,67,57,57,48,32,34,28,42,48,42,8,49,67,34,51,47,67,32,66,67,63,37,45,48,63,78,43,47,70,70,88,37,54,55,57,31,58,48,53,39,39,27,49,54,43,34,31,15,45,49,53,39,74,54,46,34,48,63,43,51,46,43,7,58,63,54,40,45,55,54,48,63,59,46,42,44,39,68,32,66,34,66,51,39,36,36,8,71,57,19,48,33,50,28,43,46,56,33,34,45,17,26,42,15,28,35,55,56,39,53,53,48,39,34
2010-03-01,52,44,53,51,68,62,57,68,63,65,41,53,50,61,59,55,50,45,35,61,36,21,72,55,60,69,65,64,66,60,54,33,35,28,44,56,45,10,52,67,31,54,53,67,31,72,72,61,39,48,51,55,82,46,47,73,72,56,38,55,59,60,33,56,46,55,37,41,32,50,64,44,33,32,15,44,49,56,42,81,57,48,30,48,66,45,55,50,38,7,59,62,52,46,45,57,56,53,56,66,49,42,45,37,66,35,69,35,69,55,46,40,34,9,70,58,25,48,34,44,29,45,56,58,32,32,48,17,26,39,18,27,39,57,59,41,54,52,46,40,34
2010-04-01,49,47,54,52,67,61,55,68,58,61,41,52,53,60,61,53,49,42,35,61,36,19,72,50,61,70,59,63,65,61,60,32,36,29,43,57,45,10,49,67,30,52,30,65,30,72,70,61,37,47,52,43,81,42,47,72,70,57,34,58,67,63,31,57,47,54,41,41,36,51,60,44,36,33,15,45,50,60,41,85,57,44,32,49,62,46,57,51,42,7,59,60,54,45,41,54,57,55,54,61,39,40,47,38,63,39,61,33,68,54,42,40,42,9,70,58,29,53,34,43,27,43,54,54,33,32,44,17,21,38,19,26,37,56,60,43,53,55,47,39,33
2010-05-01,47,46,51,49,64,55,53,64,55,58,39,44,53,56,55,51,46,42,31,57,33,20,64,45,53,63,45,54,47,52,60,38,36,28,42,51,41,10,46,60,28,50,27,64,27,60,63,58,32,39,50,36,77,40,42,67,63,50,31,60,64,61,29,55,43,52,42,35,43,50,55,46,32,30,15,40,50,60,37,71,57,42,37,47,59,47,54,46,49,8,57,55,50,47,42,52,55,52,51,56,40,40,41,36,61,35,60,32,63,54,39,38,45,8,68,55,41,47,32,36,26,40,28,50,31,31,39,13,21,35,13,24,32,48,58,42,51,49,47,33,30
2010-06-01,50,42,50,47,66,57,50,62,56,57,40,42,52,56,51,51,49,44,31,55,33,19,64,43,59,62,47,53,46,53,55,38,34,27,42,49,40,8,46,59,28,50,27,65,27,59,65,61,29,39,50,37,79,41,40,66,62,64,30,58,62,58,28,55,40,48,37,33,46,45,56,48,32,29,14,42,47,58,34,77,56,44,33,48,57,47,56,45,44,53,54,54,54,53,47,58,55,51,48,58,44,40,40,36,54,30,56,29,63,49,33,40,64,7,68,54,37,45,29,38,26,42,27,31,32,30,32,12,22,35,13,25,31,48,55,45,50,45,43,31,30
2010-07-01,60,43,50,49,67,54,55,68,56,58,37,38,49,55,51,50,54,50,30,54,32,19,58,41,49,64,44,61,45,53,52,23,34,27,41,46,34,10,40,60,27,46,27,66,24,60,63,54,28,36,52,39,71,36,33,64,63,51,24,58,57,56,26,55,47,43,41,36,54,44,52,53,30,29,14,40,53,58,32,71,53,47,28,48,59,50,48,45,44,26,58,54,62,55,55,68,58,54,51,56,53,45,42,38,60,26,49,25,68,51,31,34,36,7,66,50,41,43,30,36,23,39,22,24,26,28,33,13,20,32,11,24,30,43,53,36,47,44,41,28,30
2010-08-01,53,44,51,49,66,57,56,67,63,57,38,39,48,54,50,52,52,46,32,57,34,19,62,55,52,64,50,66,51,55,52,23,35,26,41,55,35,9,41,62,31,47,30,71,25,60,62,56,30,36,51,41,68,36,40,64,61,47,29,57,58,54,27,55,44,48,38,45,48,42,56,50,30,28,15,42,53,53,35,71,52,47,28,47,61,48,46,46,38,8,57,52,62,50,52,59,63,53,51,59,56,52,45,41,64,23,54,27,70,48,32,34,31,7,65,54,29,45,28,35,24,39,21,50,27,28,40,13,20,32,11,25,29,42,54,37,46,44,44,30,27
2010-09-01,43,44,48,48,60,54,56,63,60,60,40,47,45,50,48,54,45,41,32,59,36,19,65,56,51,63,51,64,47,52,52,27,38,28,39,57,46,8,46,62,30,47,30,68,26,57,64,55,32,40,49,41,70,37,50,65,63,49,33,49,56,55,28,55,42,46,37,46,34,44,52,46,29,27,15,41,47,52,38,71,50,48,29,45,59,42,48,43,37,8,54,57,48,41,39,42,57,49,50,58,44,41,40,45,56,29,56,29,61,51,39,35,31,8,63,51,23,47,30,38,24,40,23,52,30,29,40,13,23,33,12,23,31,49,51,36,48,47,41,33,28
2010-10-01,43,43,44,46,56,53,57,64,59,57,40,49,44,45,45,53,44,37,31,68,32,20,63,49,47,63,51,50,46,49,54,30,35,26,39,57,44,8,49,62,29,47,25,63,27,58,58,53,33,41,49,44,69,39,45,65,63,52,30,52,55,53,27,51,43,43,32,39,23,42,48,40,28,28,16,40,48,51,37,68,49,50,29,47,58,38,47,40,36,7,51,54,44,39,37,36,57,46,48,55,39,37,43,38,55,31,51,27,54,51,40,35,33,12,65,50,21,43,31,38,24,41,23,53,28,29,36,13,27,33,11,23,33,50,48,39,46,51,38,39,28
2010-11-01,44,47,45,45,53,54,56,63,62,62,38,51,45,44,44,57,41,35,33,65,35,20,66,54,50,62,47,53,43,45,47,28,33,28,39,63,48,9,47,62,30,47,27,64,28,58,58,51,32,47,46,45,69,40,44,67,64,49,29,52,51,53,28,56,46,41,35,36,19,49,46,41,29,29,16,43,48,52,36,69,50,53,32,51,64,39,48,40,35,7,53,54,39,35,35,38,71,48,48,56,45,40,41,43,59,34,50,25,53,50,61,39,35,12,64,48,19,46,34,38,25,41,23,55,29,32,35,13,25,32,11,23,34,53,45,39,50,55,37,39,30
2010-12-01,42,42,40,41,50,48,63,61,50,47,33,41,41,38,36,62,41,34,32,69,42,22,59,52,41,56,44,46,35,42,40,21,26,30,37,66,37,9,36,59,30,40,26,64,23,56,53,47,29,39,42,44,71,33,37,55,59,46,24,55,48,44,24,60,40,32,28,32,19,55,41,36,26,24,15,53,59,43,30,53,43,59,39,54,53,42,41,35,28,7,50,48,32,36,37,36,82,52,48,51,32,43,39,49,59,30,38,20,44,46,38,32,34,9,60,41,16,39,31,36,21,36,21,43,26,24,26,13,21,31,9,21,27,42,41,31,44,41,30,27,24
2011-01-01,52,46,51,51,53,55,66,71,73,74,42,56,50,62,52,61,59,47,37,66,43,24,74,61,45,67,51,58,51,46,50,28,35,35,41,55,49,11,48,70,36,53,51,76,29,71,66,53,34,50,51,82,92,45,54,75,79,59,38,61,57,59,32,60,46,55,34,38,30,52,59,44,32,31,15,47,56,56,39,71,55,66,31,60,70,40,55,46,29,7,61,84,62,47,50,67,60,52,58,74,65,48,48,47,76,33,71,37,73,49,43,39,37,9,74,56,22,47,39,49,26,44,34,62,32,34,43,15,25,37,14,26,34,56,51,39,55,52,38,39,31
2011-02-01,52,45,49,53,51,53,63,69,69,69,39,55,48,63,55,55,55,47,35,61,36,23,72,56,50,62,51,51,48,46,51,32,35,30,40,52,49,14,50,67,33,54,72,69,30,68,64,56,34,48,48,70,84,45,48,73,70,56,38,57,59,60,32,59,42,54,31,39,31,49,60,44,30,31,15,45,52,56,41,79,55,60,34,52,63,38,54,46,30,7,58,70,55,45,47,62,49,46,59,73,54,41,49,35,73,31,70,33,69,52,44,39,41,8,72,53,21,39,38,57,28,45,44,67,33,35,40,13,27,37,16,27,39,57,53,41,56,50,40,40,32
2011-03-01,51,49,54,55,54,57,65,66,75,73,51,57,52,66,55,58,54,45,36,64,37,24,77,59,51,67,53,55,51,52,58,32,37,34,45,58,53,16,54,71,33,58,39,73,32,73,71,60,34,54,49,61,88,47,49,75,72,56,41,62,62,63,34,62,46,56,33,41,34,49,70,47,31,33,16,48,54,60,43,87,60,64,31,54,65,41,67,50,28,8,60,71,54,46,46,63,54,50,59,77,52,43,51,35,72,33,73,35,73,52,45,40,50,11,79,69,25,45,40,47,30,48,57,70,33,39,41,15,28,37,19,26,37,58,65,44,57,54,46,42,33
2011-04-01,51,45,59,59,57,52,67,67,70,67,38,59,55,66,57,60,51,41,35,66,38,23,76,56,50,65,47,54,49,51,61,33,38,38,45,62,50,21,54,68,31,55,30,72,29,72,69,55,33,51,50,49,95,56,45,73,68,61,36,70,68,64,30,63,41,54,29,42,40,54,72,48,31,33,16,46,54,61,43,84,59,61,33,53,66,42,58,55,28,7,60,70,79,48,44,60,57,52,57,75,44,45,51,38,71,35,69,34,69,52,42,37,40,23,73,64,29,44,36,43,26,44,56,68,31,34,37,16,25,37,20,26,36,55,72,43,55,55,46,45,31
2011-05-01,51,45,53,54,57,49,61,65,68,68,37,48,57,61,53,57,47,41,32,61,37,22,75,54,44,61,45,47,44,48,62,34,34,35,43,59,47,21,52,65,29,56,29,70,27,65,67,55,30,47,52,40,93,47,42,71,59,58,33,67,71,66,29,60,41,53,30,36,46,52,68,45,28,30,15,47,56,63,42,83,62,56,38,52,61,43,53,50,28,6,60,64,66,45,45,60,57,49,55,69,45,43,50,36,72,33,67,32,66,54,37,34,38,23,72,63,42,43,33,37,23,41,32,63,31,33,32,14,26,34,15,24,30,50,63,49,53,49,49,38,30
2011-06-01,53,45,53,53,52,51,61,66,68,71,37,48,56,62,52,56,50,43,31,61,35,21,72,49,46,62,45,49,39,46,59,30,35,35,45,54,45,14,49,64,28,55,32,70,27,64,66,56,29,46,53,42,96,42,41,70,60,59,33,69,65,67,28,71,40,50,32,33,54,50,67,49,29,28,15,69,61,66,45,79,62,59,36,51,59,43,54,51,33,7,59,64,57,51,49,63,56,49,52,70,49,43,48,33,70,29,63,28,68,53,39,34,35,8,73,53,52,40,31,36,23,41,28,36,30,34,29,12,20,34,14,25,31,50,59,46,56,47,50,39,28
2011-07-01,60,40,52,51,55,48,59,65,62,62,34,42,53,59,48,55,57,49,30,57,32,20,67,46,45,60,40,48,39,47,57,26,34,35,44,50,48,14,44,59,28,47,28,68,25,63,62,50,26,40,50,43,100,38,32,63,56,48,25,63,60,62,25,60,37,44,30,35,62,49,61,52,28,31,14,45,59,62,40,73,60,58,30,50,57,46,48,48,30,8,56,59,58,55,58,71,57,50,50,68,57,45,45,32,66,27,53,24,67,49,36,33,38,7,70,53,54,38,28,36,21,38,24,25,27,30,28,11,18,33,12,23,27,41,54,39,49,47,44,36,26
2011-08-01,52,40,54,55,57,51,64,67,66,69,38,43,52,62,53,59,53,45,32,63,36,21,72,61,42,62,45,56,46,46,56,28,38,36,46,59,42,14,45,60,31,52,30,74,25,66,64,55,28,45,53,46,98,38,38,67,60,50,32,66,64,61,28,62,42,46,26,44,59,51,63,51,29,30,14,45,57,58,44,81,59,62,31,52,64,46,48,51,27,9,61,61,69,51,53,67,62,50,53,75,57,52,48,40,69,24,60,27,71,53,43,45,51,12,77,59,33,44,39,38,21,40,24,67,28,32,35,11,22,33,12,24,28,43,56,37,53,46,47,38,26
2011-09-01,46,44,50,52,50,52,62,63,67,72,38,47,50,56,50,58,48,39,32,64,34,21,74,60,45,60,46,60,43,44,58,28,35,35,45,60,50,13,49,62,31,52,31,72,27,63,66,53,31,45,51,46,93,39,50,69,63,54,37,58,61,62,30,58,37,46,27,46,45,51,63,47,31,26,14,45,55,58,42,77,59,64,29,52,64,40,48,45,30,8,57,62,53,43,42,49,60,49,53,70,48,45,46,43,65,28,59,31,62,53,39,35,35,10,68,60,25,45,33,38,23,42,27,66,29,33,37,11,23,32,12,24,32,51,60,37,54,48,45,41,27
2011-10-01,43,44,51,51,49,49,68,66,69,70,38,55,52,53,48,61,46,37,34,79,34,21,71,57,50,63,42,49,42,44,60,30,34,34,43,62,49,13,53,64,32,53,28,75,27,63,62,52,30,48,49,50,86,42,46,69,65,55,34,58,60,61,31,57,38,45,27,43,35,50,61,49,28,28,14,42,58,58,42,73,59,63,32,54,66,37,51,54,29,8,56,60,53,42,41,46,62,47,54,68,43,40,52,36,62,31,57,27,57,49,45,39,36,12,70,57,27,45,33,38,23,42,27,67,29,33,35,11,25,31,12,23,34,54,57,39,54,52,44,46,28
2011-11-01,47,45,47,51,49,53,67,69,72,70,39,59,53,50,48,67,45,36,35,75,39,23,75,64,56,67,49,48,40,44,53,29,31,35,43,70,53,12,53,68,33,54,30,70,29,65,64,60,32,54,49,53,84,42,47,73,72,54,36,63,59,61,35,62,40,46,33,42,31,56,62,44,27,29,16,46,58,58,39,75,58,67,36,62,71,37,53,45,27,7,60,64,46,38,39,46,75,50,56,69,40,46,49,40,67,35,59,28,54,52,48,38,37,10,72,59,23,44,32,39,24,45,26,71,30,38,32,11,24,32,12,25,37,56,55,40,56,57,42,45,30
2011-12-01,46,44,43,45,43,46,76,70,60,62,35,48,49,43,42,70,45,36,34,75,45,25,67,62,42,58,45,38,32,34,44,24,27,39,40,65,53,11,43,62,33,48,29,69,24,60,58,47,28,48,44,53,81,38,38,61,61,55,29,65,52,50,25,69,36,35,26,36,30,67,55,41,26,27,15,56,72,48,34,57,51,73,45,66,63,43,44,42,25,7,55,59,39,40,40,45,84,53,56,64,37,47,49,45,73,32,46,20,47,47,38,31,37,8,69,45,19,36,29,37,19,40,23,61,27,30,26,11,16,31,10,22,28,45,50,37,51,49,34,37,25
2012-01-01,47,42,45,46,47,60,71,66,71,71,38,52,50,56,51,57,54,41,32,65,37,23,70,59,57,68,48,57,55,42,48,28,29,38,42,56,48,12,46,68,30,51,41,68,27,64,64,57,30,48,47,71,83,42,49,70,68,56,34,62,54,56,33,57,38,49,30,37,36,49,57,50,28,26,14,44,54,53,36,79,55,68,31,57,66,36,51,43,24,7,58,84,61,44,47,63,57,46,58,67,75,45,50,42,69,29,62,33,62,51,41,35,35,10,71,62,21,42,31,44,22,41,32,60,28,38,39,11,20,30,12,25,32,53,53,36,53,72,38,40,28
2012-02-01,47,42,48,48,46,56,66,67,70,71,39,56,49,59,54,56,49,40,31,64,34,22,70,58,52,62,54,51,52,43,51,29,32,35,42,54,50,13,52,68,28,54,62,67,27,67,62,59,32,48,47,62,82,40,45,72,69,57,36,59,54,58,36,57,38,50,29,40,37,47,60,43,28,26,19,41,54,55,40,77,55,61,36,51,62,37,49,44,26,7,56,73,53,41,44,60,52,45,59,69,51,43,53,33,71,29,65,34,63,49,39,36,34,9,71,64,20,39,32,49,24,44,44,66,29,37,37,11,22,29,15,27,36,54,56,42,54,62,42,45,30
2012-03-01,49,42,52,51,52,56,64,70,69,71,37,54,51,62,61,59,48,39,31,66,33,23,70,56,51,66,54,53,60,45,54,29,36,36,42,59,49,16,50,68,28,52,31,65,27,70,68,62,32,49,47,52,81,42,44,72,68,54,35,63,58,60,34,60,41,49,29,38,41,46,67,45,31,30,16,42,56,59,39,80,59,64,31,52,63,39,51,51,24,7,60,72,49,41,43,60,55,45,52,72,45,44,56,33,69,29,62,33,67,57,38,36,34,10,71,65,26,43,31,39,23,43,53,60,29,36,36,10,22,29,16,27,34,56,69,41,53,64,43,40,30
2012-04-01,50,42,54,54,52,53,68,67,70,72,35,54,55,64,59,59,45,37,30,67,31,22,71,55,52,67,49,56,54,45,62,32,37,39,44,61,53,18,53,68,28,54,31,65,26,70,67,58,30,48,49,44,87,41,43,71,62,60,35,67,74,63,31,60,40,48,29,39,43,49,71,49,28,31,15,41,57,60,41,80,64,66,34,53,63,42,53,51,28,7,59,71,50,42,41,63,55,49,54,75,43,46,54,35,67,30,62,30,66,53,39,34,34,12,73,63,31,39,29,39,23,43,54,62,27,39,36,10,21,28,17,24,32,52,74,41,54,63,47,49,29
2012-05-01,48,41,52,52,52,50,64,64,68,69,37,48,60,57,52,57,44,36,28,63,29,21,67,53,47,62,43,50,49,47,62,33,35,37,41,60,44,14,50,62,26,53,26,61,24,64,66,61,28,47,50,36,85,38,40,68,58,49,31,62,75,64,33,58,38,47,26,35,45,47,67,45,25,30,18,41,56,62,37,78,64,60,37,51,58,39,50,47,29,6,58,66,50,44,42,56,56,48,51,69,42,44,50,32,68,30,60,30,60,52,37,33,31,9,69,78,52,41,29,34,23,42,31,58,26,36,30,10,19,27,13,23,32,48,70,45,52,61,50,44,30
2012-06-01,64,40,50,49,49,50,63,67,67,68,34,46,54,54,51,56,47,38,28,64,30,20,64,51,44,62,44,50,51,43,58,29,35,37,41,56,42,15,48,62,27,54,27,62,24,59,62,59,27,43,48,39,86,39,38,65,57,58,29,65,67,61,27,59,39,44,24,34,50,46,66,46,26,31,14,40,60,61,37,77,62,65,35,51,58,43,49,46,30,7,58,65,52,45,47,60,54,47,48,70,44,45,51,31,65,27,55,25,60,59,35,31,34,8,71,86,51,38,27,34,21,41,26,37,26,40,26,10,19,28,12,22,31,47,68,45,51,59,46,40,27
2012-07-01,55,38,52,49,53,56,63,67,65,64,34,43,54,55,47,54,51,41,27,59,30,19,62,48,47,62,41,47,46,43,54,27,35,35,39,52,40,12,45,58,25,48,27,61,23,61,63,53,25,40,49,40,80,35,29,62,55,54,28,62,58,60,27,57,37,41,27,36,62,46,63,49,25,31,13,39,62,61,35,73,62,61,31,49,57,45,46,45,29,7,58,63,55,49,53,67,56,48,49,69,51,46,51,32,67,23,52,22,62,53,29,29,31,7,67,75,54,44,25,31,20,39,24,23,25,36,27,10,17,27,11,27,28,41,63,39,49,62,46,35,24
2012-08-01,47,37,51,49,54,54,66,68,65,63,34,43,55,55,47,56,51,42,28,66,31,20,65,58,47,63,45,55,42,44,55,26,33,36,40,62,43,13,45,60,27,50,25,63,23,60,64,54,25,40,51,40,79,36,35,64,56,59,30,64,63,57,28,59,39,43,27,44,56,46,66,48,25,30,14,39,58,57,33,73,61,66,30,52,62,45,46,46,27,8,60,63,56,47,51,64,57,47,50,71,50,55,52,36,67,22,58,23,64,52,30,29,32,11,65,73,38,40,25,32,19,39,23,58,25,30,31,9,18,28,10,21,26,42,64,35,49,56,48,38,24
2012-09-01,43,41,50,50,52,52,67,65,67,68,39,48,53,52,47,59,44,36,30,68,32,21,68,60,49,62,47,56,42,43,60,28,34,38,39,65,47,15,50,63,29,50,30,71,24,60,64,53,27,45,50,41,78,39,50,66,62,50,34,58,66,60,32,58,36,44,27,48,46,47,62,44,25,25,12,40,57,60,37,76,60,68,31,54,65,41,48,47,28,9,56,66,50,42,40,53,58,46,51,71,46,49,50,39,63,26,57,30,62,53,36,31,35,14,67,67,25,38,26,35,20,41,26,64,26,36,34,10,20,27,11,24,30,48,63,41,50,64,46,42,26
2012-10-01,39,40,47,46,51,56,72,64,68,66,44,53,49,49,44,59,44,33,30,77,32,19,70,63,46,60,44,45,43,43,60,28,34,37,38,68,47,15,54,64,28,53,27,66,26,61,61,58,30,52,47,46,80,38,44,69,64,47,31,54,65,60,34,55,38,44,27,41,35,46,61,43,24,27,13,41,55,58,36,75,59,68,32,54,62,36,50,44,24,8,56,64,45,39,36,46,56,44,48,69,41,41,52,32,62,27,56,27,55,50,37,34,33,14,72,67,20,39,28,33,22,41,27,74,27,39,32,10,20,27,11,23,34,50,61,40,51,62,43,46,29
2012-11-01,46,41,46,46,46,58,68,64,69,66,42,55,52,45,41,64,42,32,31,73,35,22,70,66,52,62,47,44,38,39,51,29,31,35,40,71,49,14,52,65,30,51,26,67,26,59,60,62,28,54,48,47,80,41,44,69,68,48,31,60,57,60,35,59,40,42,24,37,32,53,59,40,24,28,14,45,58,58,40,71,60,73,37,63,69,36,49,42,23,6,59,67,39,36,36,46,70,44,53,69,35,44,49,33,64,30,54,26,53,48,39,34,36,17,70,66,18,37,29,34,22,43,27,75,27,35,30,10,19,27,11,23,36,52,57,38,51,66,39,43,29
2012-12-01,42,44,41,42,40,47,77,66,62,58,34,48,49,39,35,68,42,31,30,78,40,24,64,59,43,54,36,38,29,35,45,23,27,38,40,70,43,11,41,62,30,43,27,66,21,55,56,43,24,45,42,48,75,34,37,61,58,45,23,65,54,48,28,71,32,32,22,34,29,59,53,40,22,23,14,56,74,48,35,55,52,81,44,66,61,38,42,38,21,7,55,61,36,40,38,44,79,46,55,63,33,46,50,39,66,29,40,17,46,42,31,30,32,7,67,54,18,32,25,31,16,38,24,60,22,31,23,10,15,26,9,20,27,40,48,33,48,59,34,36,23
2013-01-01,44,42,46,46,49,64,70,66,75,68,41,53,51,54,47,58,49,37,31,69,34,21,69,61,56,65,46,53,47,43,48,26,29,38,40,59,46,12,47,66,29,51,43,68,24,63,64,60,29,47,49,70,77,41,47,72,71,57,34,65,59,56,35,55,38,49,28,36,35,44,58,40,31,25,13,45,54,56,34,75,57,78,32,58,68,33,48,43,26,7,59,85,53,42,41,62,53,43,54,71,53,44,52,39,67,26,59,32,62,51,34,37,32,8,69,67,28,37,31,42,22,42,32,68,27,40,34,10,19,27,12,27,33,50,56,38,51,73,39,40,30
2013-02-01,45,46,48,48,48,61,70,71,72,65,37,54,50,55,50,56,49,38,30,67,32,21,70,60,46,62,51,48,49,43,51,26,32,39,42,56,47,15,49,67,28,51,68,65,25,65,63,57,29,46,46,59,74,38,45,69,69,59,34,60,57,56,35,57,38,47,26,35,37,45,60,41,26,25,14,44,58,55,36,79,58,72,36,54,62,31,47,42,25,7,57,78,47,41,41,58,48,41,55,74,53,44,56,33,71,26,58,29,61,48,34,35,33,7,68,66,27,35,30,46,21,42,42,69,27,38,35,10,20,27,14,26,36,53,60,39,53,68,41,41,29
2013-03-01,44,41,49,48,51,60,71,67,68,64,38,52,51,59,52,55,45,36,28,64,30,20,65,56,48,61,49,44,52,46,54,26,34,39,40,58,45,13,49,63,27,50,31,62,24,63,63,59,29,46,46,51,74,36,39,67,64,56,33,60,64,56,33,56,35,44,26,34,38,48,65,39,26,26,14,40,59,57,34,76,59,70,30,53,62,36,45,45,26,7,57,76,45,41,41,55,52,43,51,74,43,44,59,29,65,25,54,30,64,49,35,35,32,9,64,69,31,34,27,35,21,39,52,62,26,35,32,9,18,27,16,26,32,51,69,41,50,67,40,45,32
2013-04-01,41,39,51,51,59,61,67,64,71,70,39,55,56,57,50,56,42,33,27,67,29,21,69,58,56,63,50,47,51,48,58,28,37,36,42,62,47,13,53,63,26,54,30,61,24,69,68,65,30,48,50,41,78,38,42,70,64,59,32,63,73,60,35,58,40,46,27,35,42,43,70,41,26,27,14,43,56,62,36,81,63,65,31,55,62,36,51,45,22,6,58,76,46,39,37,54,51,44,49,75,41,44,52,32,65,28,59,31,62,51,35,35,37,9,71,68,38,37,31,35,24,41,55,68,25,38,33,10,21,25,20,26,32,51,75,45,52,69,45,42,32
2013-05-01,40,37,50,49,58,55,64,64,68,66,40,46,58,54,47,54,40,32,26,64,28,19,63,51,48,59,43,41,48,45,61,29,34,36,39,57,41,14,52,62,24,51,25,59,21,59,63,64,26,43,57,34,75,34,37,66,55,55,28,69,76,63,33,56,35,45,27,34,48,46,68,41,24,25,13,39,59,62,36,82,63,62,36,50,57,37,49,44,28,5,56,70,45,40,38,54,53,43,50,71,40,42,54,28,64,27,55,28,60,53,33,31,32,9,68,62,54,34,27,30,20,39,29,59,25,34,26,8,17,23,12,24,30,45,72,56,49,63,49,42,29
2013-06-01,48,38,51,51,50,54,67,68,66,63,43,45,57,55,43,54,45,37,26,62,30,19,60,49,48,62,51,44,46,45,59,26,37,38,40,54,41,14,49,60,25,55,25,60,21,59,61,61,27,39,53,35,75,35,36,64,57,52,24,72,73,63,31,57,35,43,25,33,50,45,69,43,24,24,18,40,63,63,33,80,65,70,36,51,58,39,47,44,26,7,56,70,51,44,45,59,53,44,48,71,44,44,54,29,61,25,52,25,61,56,33,30,35,6,67,62,51,33,26,28,18,38,26,39,24,36,26,9,18,25,11,25,28,44,72,47,49,62,47,38,26
2013-07-01,50,38,51,52,57,55,67,67,68,62,46,42,57,56,43,55,51,43,26,62,28,19,60,49,55,60,53,42,47,48,59,26,39,38,39,54,39,15,49,58,25,52,27,62,21,62,63,59,26,37,57,39,74,36,30,64,57,48,22,71,71,64,30,59,35,41,27,36,59,45,67,47,28,26,18,42,63,65,33,81,65,70,30,51,60,42,52,44,29,6,59,71,54,49,53,68,56,47,49,74,51,47,51,31,63,22,50,24,64,55,32,32,35,6,72,65,55,35,27,32,18,39,26,25,24,36,27,8,16,25,11,31,27,43,69,45,50,58,47,38,24
2013-08-01,46,36,53,53,59,53,69,69,69,61,38,45,56,55,45,56,49,40,26,67,29,19,62,55,49,64,58,52,47,50,58,24,41,37,41,62,42,13,47,58,26,48,30,62,19,60,62,58,27,36,59,39,77,32,35,64,53,47,24,69,74,58,30,60,39,42,26,42,53,46,66,48,25,25,17,41,66,56,33,78,62,74,33,53,64,41,45,43,26,7,61,67,54,48,51,62,57,46,50,77,52,59,54,36,66,22,53,24,63,53,33,31,32,6,68,70,38,38,25,29,17,38,23,55,23,34,32,9,15,24,10,26,26,42,69,39,48,58,45,36,23
2013-09-01,37,38,49,50,50,54,70,61,70,64,40,48,52,51,42,56,42,32,28,68,30,18,61,55,46,60,61,52,45,48,59,26,42,37,39,64,45,13,51,57,27,48,30,61,22,57,59,57,33,39,54,39,70,34,48,66,57,52,31,57,73,59,32,58,40,45,25,45,38,46,64,44,28,23,16,39,57,56,33,78,59,72,30,55,64,36,45,41,23,8,63,69,50,39,39,47,58,43,51,72,50,45,48,37,59,25,53,31,58,57,39,32,34,7,66,67,28,34,26,29,20,38,25,60,25,35,31,9,17,29,11,24,29,48,68,40,50,55,42,42,27
2013-10-01,37,37,47,49,49,55,72,62,72,63,44,53,51,49,40,58,40,31,28,77,29,19,63,55,53,59,58,42,43,46,59,27,40,37,39,65,46,12,55,61,26,51,26,61,23,60,61,65,34,43,57,43,70,38,42,68,60,53,29,58,71,62,34,57,41,44,25,38,31,48,62,41,23,25,18,42,59,61,34,73,61,71,34,55,64,34,48,40,23,7,65,65,45,39,35,47,60,42,49,69,40,41,49,31,59,29,52,29,54,50,41,36,31,9,63,65,34,34,29,33,21,39,25,62,26,42,30,10,20,23,10,28,34,51,64,38,51,64,42,44,31
2013-11-01,39,40,47,48,43,54,68,63,69,61,43,53,53,44,36,65,38,31,28,75,33,20,60,58,51,60,57,39,40,45,50,26,36,36,39,73,49,13,49,60,27,49,29,59,23,57,58,57,33,43,50,45,65,37,40,67,63,51,28,60,65,57,34,57,41,41,24,35,28,56,60,39,23,24,17,43,58,56,38,69,59,76,36,62,69,32,49,39,23,7,60,66,39,39,32,44,74,43,48,67,34,45,51,34,59,34,49,26,49,50,45,34,30,9,65,65,25,34,28,29,21,39,24,57,25,38,27,10,17,22,10,26,32,51,60,36,52,63,38,42,30
2013-12-01,40,40,42,43,38,47,79,63,63,55,36,46,50,38,32,66,41,29,28,76,37,21,57,56,45,53,40,34,32,33,45,21,28,40,37,74,41,11,43,57,28,46,27,57,20,56,53,51,23,37,44,48,68,30,34,57,55,50,22,67,64,51,27,71,30,32,19,29,25,68,56,38,21,21,14,60,72,51,32,59,53,87,43,72,62,32,56,35,22,7,57,61,33,42,35,44,85,44,49,65,32,46,49,36,66,28,38,16,43,49,31,28,29,6,58,52,20,28,24,31,15,34,22,49,22,32,23,9,15,22,9,21,24,38,53,35,49,53,34,35,23
2014-01-01,38,38,44,45,51,61,69,64,75,65,43,49,51,51,42,53,50,35,28,66,31,18,62,58,47,62,46,45,47,44,47,24,29,39,39,60,44,12,45,59,27,52,54,53,23,62,61,60,30,41,54,67,69,36,43,67,60,54,29,65,64,57,37,56,37,45,29,32,31,49,59,38,28,21,14,45,57,58,32,70,58,80,29,61,66,31,49,38,21,6,61,81,50,43,40,61,55,42,47,68,48,46,52,33,64,25,52,30,58,54,31,32,31,6,56,63,23,35,29,40,20,38,29,50,26,40,31,9,16,22,11,26,32,48,59,34,50,59,36,39,30
2014-02-01,36,35,45,44,43,55,68,66,69,61,39,50,48,53,42,51,44,33,26,61,27,19,61,56,50,59,48,41,46,40,47,24,28,35,38,53,44,13,46,59,24,48,34,51,22,60,57,59,27,39,47,53,65,33,38,64,58,78,31,56,59,54,35,50,34,44,31,32,32,46,58,36,24,21,13,40,56,54,31,72,55,72,31,52,60,28,45,39,25,6,57,72,41,40,39,55,47,37,44,70,42,43,56,27,62,23,52,28,57,49,31,32,36,7,55,62,19,33,29,41,20,38,41,55,26,40,30,9,18,23,13,24,32,46,60,34,48,54,40,40,27
2014-03-01,39,34,48,48,52,57,68,65,69,63,42,49,52,54,48,54,47,34,26,61,28,19,63,54,56,62,49,43,53,49,52,24,32,36,39,58,46,13,48,59,25,49,50,51,22,62,61,61,28,40,52,48,65,35,39,67,59,52,28,71,64,57,33,55,37,44,28,32,34,47,65,38,31,22,13,40,55,57,34,74,58,72,28,53,66,32,45,42,22,6,59,73,42,42,38,55,50,41,45,72,41,45,58,29,63,24,51,27,61,51,31,32,50,10,58,69,29,32,29,39,20,38,52,50,26,36,31,9,19,22,18,25,31,46,69,38,51,59,38,39,31
2014-04-01,38,36,51,51,55,57,68,66,72,61,40,50,57,55,49,54,41,31,26,65,27,19,61,55,50,60,42,44,52,46,58,26,33,40,39,61,45,15,53,59,24,50,26,50,22,65,63,65,28,40,58,40,69,35,37,67,56,54,28,64,74,61,35,58,36,45,26,33,38,51,69,41,30,23,13,42,57,59,35,79,64,67,31,53,64,33,50,45,23,6,59,73,42,40,36,53,54,42,44,76,38,43,56,28,65,26,50,28,60,50,30,32,35,11,56,70,33,33,27,34,20,39,51,53,26,40,27,10,17,22,22,25,31,46,76,38,50,59,46,42,31
2014-05-01,37,35,51,48,52,52,64,66,70,60,37,43,59,54,48,52,41,32,24,61,25,18,58,50,43,58,41,42,49,45,62,25,32,37,40,58,42,13,48,55,22,49,23,49,20,60,62,61,25,38,59,33,69,31,34,62,50,55,26,71,78,62,32,55,32,41,22,32,43,50,66,40,23,22,13,38,57,63,32,74,65,61,34,53,60,35,47,40,23,6,57,64,46,42,37,52,53,42,42,70,37,43,54,26,61,25,47,25,57,51,27,28,32,8,56,68,46,31,24,28,18,36,31,48,25,37,24,8,17,20,12,23,29,43,72,43,47,58,51,38,28
2014-06-01,39,33,47,48,48,53,61,60,68,58,34,40,56,51,44,48,41,33,24,58,25,17,55,48,42,56,40,40,45,42,59,28,31,35,39,52,39,14,47,51,21,49,24,49,19,56,61,62,22,35,54,33,65,31,32,62,47,62,22,62,73,62,31,53,31,41,25,31,49,47,67,43,22,21,11,37,60,64,32,75,62,65,32,51,57,35,46,40,29,48,58,60,43,46,42,55,54,39,39,68,41,44,50,28,61,22,44,21,58,51,25,27,33,10,56,62,55,30,25,28,17,35,25,29,24,39,24,8,16,20,11,20,27,41,69,39,46,47,48,36,24
2014-07-01,42,30,50,48,57,56,66,66,68,59,40,39,55,55,44,51,48,38,23,58,26,18,54,48,43,59,41,41,45,45,56,25,34,38,38,51,37,13,47,52,22,49,25,49,19,57,60,59,21,34,58,40,64,30,26,62,47,52,20,66,73,60,29,56,33,38,23,33,55,47,70,45,26,22,12,42,62,63,32,74,63,66,27,53,61,37,46,39,29,31,60,62,47,49,50,66,55,41,41,72,48,50,53,30,62,20,44,20,60,54,23,28,34,5,55,65,49,31,24,26,17,35,25,21,24,36,23,8,16,22,11,19,28,39,71,40,47,51,49,35,23
2014-08-01,42,32,48,49,50,49,68,65,65,56,36,39,53,52,43,51,46,38,23,59,27,18,55,54,39,58,39,47,41,43,56,24,34,38,40,57,38,12,43,52,22,46,29,48,18,54,58,58,21,32,53,38,63,29,30,59,49,44,23,61,90,57,29,57,29,40,23,40,52,51,62,43,22,22,12,39,61,56,34,68,61,67,27,55,65,35,40,40,24,8,58,58,46,46,46,60,58,42,40,71,47,63,55,31,61,19,57,18,56,49,20,26,33,5,53,66,35,32,23,27,15,33,22,46,22,34,26,8,20,20,9,19,25,37,67,33,46,49,46,33,21
2014-09-01,33,35,47,47,50,57,68,61,72,63,41,44,52,49,41,52,39,31,26,63,27,18,59,54,52,58,44,49,41,43,57,26,34,37,37,60,44,11,50,54,24,49,25,55,22,56,60,61,23,37,52,39,63,33,44,66,53,47,30,55,74,60,33,56,32,43,24,41,38,49,61,41,23,20,13,41,54,60,35,74,63,67,27,56,67,33,44,38,25,10,56,63,44,38,35,48,56,42,42,68,40,48,49,33,58,21,47,26,53,52,28,30,38,8,53,64,26,33,24,28,18,37,25,52,26,39,29,8,18,20,10,21,32,45,65,35,48,53,45,40,26
2014-10-01,33,34,44,44,46,55,70,59,71,59,45,48,52,46,37,53,36,29,25,73,26,18,57,52,47,59,43,39,40,43,57,25,33,36,36,63,44,14,50,57,24,50,24,50,22,56,57,62,26,38,55,39,63,35,39,66,54,47,26,53,72,58,36,53,35,39,22,35,32,51,59,39,23,21,12,40,55,59,35,71,60,66,29,57,66,30,46,38,22,7,56,58,37,36,33,44,55,38,43,68,35,42,51,30,57,23,43,24,49,54,31,32,35,10,56,66,28,32,28,27,19,38,26,50,26,41,27,9,17,19,10,23,32,45,61,33,48,58,41,42,27
2014-11-01,35,34,44,44,42,55,70,60,69,57,39,49,52,43,36,59,36,27,26,75,30,19,57,56,43,59,41,39,39,39,50,24,24,36,37,77,47,14,48,56,24,48,27,49,21,55,54,59,24,42,47,41,59,31,36,62,56,49,26,60,90,56,34,55,35,37,22,31,27,57,57,36,21,20,14,40,57,57,33,67,57,69,32,64,69,27,45,36,21,6,55,59,33,37,32,43,73,39,42,69,31,48,50,30,58,24,41,20,46,51,31,30,31,8,51,63,23,30,28,28,18,36,23,50,25,37,24,9,17,19,9,21,31,44,59,34,48,54,37,37,27
2014-12-01,35,35,39,39,37,50,77,65,63,51,31,40,49,37,32,62,37,26,27,73,34,20,55,56,40,54,36,31,32,35,44,22,22,40,36,67,41,18,40,55,25,43,25,48,19,55,51,53,21,36,44,43,61,29,30,54,48,47,21,70,62,47,31,65,29,32,21,29,26,63,54,36,21,18,13,54,74,47,28,59,51,75,43,70,63,30,43,35,18,6,54,57,29,38,32,42,78,41,44,61,31,50,52,34,65,23,34,15,41,47,29,28,32,5,50,54,18,27,32,28,14,33,21,39,22,33,21,9,15,19,9,19,24,37,53,32,45,47,34,35,21
2015-01-01,35,33,41,43,41,58,69,63,72,60,38,45,49,48,43,50,44,32,25,63,28,18,56,54,46,59,46,44,50,39,45,24,26,39,37,55,43,17,42,58,23,45,37,48,20,61,57,58,27,36,52,57,60,33,40,65,54,50,25,63,59,51,33,50,32,43,24,30,31,48,53,35,24,21,13,40,55,51,30,63,54,70,26,58,65,27,46,36,20,6,55,72,43,39,37,56,53,35,42,65,45,49,52,31,61,23,46,26,53,46,35,32,36,7,52,63,20,29,35,35,18,35,27,42,25,37,28,9,16,19,10,23,28,45,54,32,46,56,35,38,27
2015-02-01,36,31,42,43,40,57,69,66,69,57,36,46,49,48,54,48,41,31,24,60,25,18,56,52,47,59,47,43,48,41,47,24,27,35,36,53,42,14,46,58,22,48,60,46,21,64,56,59,26,37,47,50,61,32,38,64,54,46,28,61,60,53,34,50,32,40,24,30,32,46,56,37,25,20,15,39,52,54,31,69,57,66,29,53,61,23,44,35,23,6,54,66,38,39,35,52,46,33,44,70,39,46,56,26,60,21,46,25,54,48,30,32,32,6,49,61,20,31,34,44,18,35,39,48,26,40,30,8,17,19,12,23,29,47,59,34,46,49,39,40,29
2015-03-01,37,32,45,47,51,59,66,64,72,59,38,46,53,52,44,48,41,32,24,61,25,19,59,54,48,60,52,44,51,45,51,23,29,35,39,56,43,13,47,57,22,49,30,46,21,63,60,64,37,38,52,43,59,33,36,66,55,49,28,62,64,55,34,52,36,41,26,32,35,45,63,39,26,20,13,40,53,54,34,72,57,64,27,54,65,29,46,38,23,6,58,66,37,38,36,54,47,37,41,75,38,48,56,26,60,21,46,27,59,49,31,32,43,7,48,68,24,30,31,38,19,36,52,45,28,41,29,8,17,19,19,23,30,47,67,35,46,54,42,38,31
2015-04-01,36,34,50,48,56,57,66,63,69,57,38,47,57,52,46,50,39,29,23,63,24,19,60,53,47,59,47,43,51,48,58,24,32,38,36,60,43,12,51,57,23,50,27,47,20,66,62,63,31,38,55,35,63,33,36,65,53,54,26,65,72,60,34,55,35,39,24,32,39,49,68,41,23,21,12,42,55,61,35,74,63,62,29,53,63,31,47,38,22,6,57,63,38,38,35,52,51,37,39,74,35,46,56,26,59,24,44,25,59,52,29,31,33,8,48,68,32,31,30,44,17,36,51,45,25,39,28,8,18,19,22,23,30,46,75,37,50,52,48,41,30
2015-05-01,34,31,47,46,52,50,61,64,67,58,37,41,59,49,43,48,37,29,22,58,23,17,54,48,35,54,44,41,45,43,61,25,31,38,34,55,39,12,48,51,20,49,24,43,19,55,56,58,25,34,56,30,61,31,32,60,47,47,23,67,76,61,30,51,34,36,22,28,44,50,63,39,20,19,11,36,58,62,37,71,63,57,32,49,57,33,46,38,28,7,56,59,38,40,36,51,50,37,38,67,35,45,54,25,57,22,42,21,55,50,27,27,32,10,45,62,50,29,27,28,15,34,29,38,25,36,24,7,16,17,14,19,27,41,67,39,46,51,55,35,26
2015-06-01,40,31,47,47,52,54,64,64,68,57,36,41,59,50,40,47,40,30,23,57,24,18,54,48,40,57,44,41,45,44,63,25,30,38,36,53,40,12,49,53,21,50,22,44,19,56,58,63,24,35,58,32,61,32,31,63,49,47,23,69,73,62,31,55,35,38,23,29,49,48,65,44,21,20,12,40,59,64,35,74,66,63,33,54,59,33,44,37,29,17,59,58,39,43,41,55,51,38,37,71,38,49,53,24,58,20,41,21,54,51,35,29,31,6,47,64,48,31,27,29,16,35,26,27,25,38,24,7,16,18,12,21,28,42,71,41,48,52,56,35,25
2015-07-01,46,30,49,47,56,56,69,72,69,57,40,38,60,52,40,49,47,36,23,58,24,17,57,49,44,61,44,41,50,44,62,22,33,40,36,53,37,14,46,54,21,48,24,44,19,60,59,62,21,32,62,37,70,30,25,60,49,46,20,72,73,60,30,55,32,37,22,31,59,49,65,47,21,21,16,40,64,62,32,71,64,62,27,55,64,35,44,38,31,9,61,60,44,48,51,68,54,40,38,76,46,59,61,26,63,19,40,18,57,51,35,32,32,6,48,66,52,29,30,26,17,35,26,20,25,37,25,8,16,19,12,20,27,38,70,36,46,51,55,34,22
2015-08-01,41,29,47,47,54,54,65,67,68,55,36,37,56,50,39,49,46,34,22,58,24,17,56,53,37,58,41,47,45,43,58,22,32,38,36,58,40,16,43,52,22,45,26,44,18,57,54,57,21,31,60,36,65,28,28,59,46,46,21,71,73,56,30,55,32,35,20,37,51,52,62,42,21,19,14,37,63,59,30,66,60,64,27,56,64,32,46,39,26,7,59,56,46,45,48,62,53,37,38,74,43,73,60,29,62,17,41,18,57,47,31,32,30,10,47,67,38,30,30,25,15,32,20,41,22,36,28,8,14,18,10,20,24,37,66,34,46,54,48,34,21
2015-09-01,36,31,45,46,53,57,67,63,74,61,40,41,53,46,38,48,38,28,23,63,24,17,58,54,37,59,43,49,43,43,58,24,30,38,36,60,42,13,46,57,23,47,26,47,20,55,56,62,25,34,59,35,64,31,41,64,50,50,24,58,70,58,33,52,31,39,21,40,39,52,59,39,21,19,13,38,57,58,35,70,60,62,26,53,62,30,43,38,23,9,57,58,37,39,37,50,51,35,38,72,37,53,56,30,58,19,42,24,52,50,38,31,33,14,46,65,28,29,28,25,17,35,22,44,27,37,32,8,21,17,10,21,29,43,65,33,46,54,44,36,25
2015-10-01,33,30,42,43,45,54,67,63,70,58,39,45,49,41,34,50,35,27,23,72,23,17,56,49,36,54,40,38,41,41,57,24,29,37,35,63,41,12,49,56,21,46,23,43,20,53,51,59,27,35,58,36,70,38,37,62,50,57,23,56,66,56,33,51,33,35,22,33,30,49,55,38,21,19,13,37,54,58,35,66,58,63,28,56,61,25,42,34,22,6,55,53,32,36,32,43,51,34,37,67,32,43,56,24,56,22,38,20,46,48,32,29,36,36,46,63,28,29,28,27,17,34,23,43,26,37,26,7,17,17,9,20,26,42,59,33,44,53,41,41,27
2015-11-01,35,34,40,41,44,53,67,64,69,57,40,47,54,40,34,56,35,26,24,71,26,18,57,54,37,54,39,37,41,37,53,24,27,37,35,74,44,12,48,55,22,45,24,44,20,53,52,61,28,38,56,38,65,35,36,63,54,45,24,68,60,54,34,54,32,35,21,30,26,54,54,36,20,18,15,39,56,56,34,62,58,64,31,62,69,26,44,33,23,6,55,56,29,35,31,40,62,35,39,65,29,52,55,28,58,25,39,20,45,47,32,31,47,9,45,64,23,29,27,27,17,32,23,44,26,36,24,7,15,17,10,20,28,43,55,32,46,56,41,38,28
2015-12-01,36,33,37,38,38,47,76,64,62,51,33,39,49,36,33,56,34,25,23,70,29,20,53,52,32,51,34,33,36,33,46,22,22,43,35,69,38,13,41,55,23,41,25,43,18,51,46,53,20,34,51,37,62,28,29,54,47,42,19,72,55,46,29,65,28,28,18,28,23,64,51,33,17,17,14,52,76,47,25,53,52,69,38,65,63,25,40,28,26,6,55,53,26,35,31,39,69,36,38,61,25,49,53,30,63,23,30,14,40,39,30,28,31,7,41,54,18,26,27,27,14,31,22,34,21,33,20,7,13,17,8,17,22,38,52,28,44,45,34,33,22
2016-01-01,37,32,41,41,46,58,71,68,76,61,41,46,52,50,36,47,43,31,22,59,25,19,57,53,55,57,41,44,46,40,51,27,26,41,34,59,40,15,46,54,22,44,43,40,19,59,51,63,26,34,59,49,62,32,38,66,55,48,23,70,61,52,33,50,31,41,23,30,29,50,50,34,20,20,12,36,55,54,30,62,56,60,27,58,67,23,44,33,33,6,58,72,44,38,38,57,47,33,38,71,37,50,60,29,61,26,44,24,57,40,37,36,31,7,40,68,22,28,35,31,16,33,27,35,25,36,28,6,15,18,10,19,26,43,54,33,46,54,39,35,27
2016-02-01,37,31,42,43,47,58,72,77,80,63,39,46,51,51,50,45,39,30,22,61,23,19,56,52,58,57,43,45,49,44,52,24,28,39,34,56,41,15,47,56,20,47,61,40,20,60,50,70,28,36,58,42,64,32,37,68,56,49,26,63,59,53,36,50,33,40,22,31,29,50,60,35,21,19,12,35,54,54,34,68,59,55,28,53,67,21,46,33,33,5,59,63,38,36,36,53,45,30,38,72,36,48,76,24,63,25,44,23,59,47,34,36,28,10,41,66,21,30,36,36,17,34,38,39,26,39,30,7,17,18,15,19,28,48,65,35,47,57,41,39,31
2016-03-01,37,29,45,45,50,56,71,71,76,63,39,45,54,51,46,46,38,32,22,61,22,17,59,50,60,58,41,45,50,44,59,24,30,42,33,61,42,13,49,57,20,47,30,40,19,61,54,70,29,36,59,37,68,35,35,68,56,47,27,60,64,55,36,53,32,41,23,32,33,51,62,35,23,19,12,35,57,55,33,69,60,55,27,54,65,24,48,35,30,6,57,62,37,38,37,52,47,34,38,72,34,48,70,25,60,22,43,22,60,45,34,35,32,12,41,70,27,29,35,31,17,33,45,35,28,39,30,6,16,17,23,20,29,44,68,33,49,54,44,38,32
2016-04-01,35,33,48,48,52,55,66,71,76,60,39,47,59,54,44,47,36,28,21,61,22,17,58,50,60,57,49,44,50,46,65,26,35,38,34,63,41,13,53,54,20,48,26,39,19,59,53,68,30,35,62,30,66,31,35,69,52,50,24,74,74,60,35,52,33,39,22,35,38,48,69,36,21,19,13,36,55,61,33,73,64,66,30,54,66,25,46,38,30,5,62,59,39,37,34,52,46,34,36,70,33,49,64,25,59,26,41,23,60,46,37,35,28,9,41,70,34,29,32,28,17,33,45,38,25,35,28,6,15,17,26,18,27,44,76,35,49,55,53,40,30
2016-05-01,36,33,45,45,53,49,66,72,75,62,56,41,61,51,46,46,36,28,20,61,20,18,56,50,51,56,42,39,44,43,67,27,33,41,34,61,39,13,51,53,19,48,24,38,18,55,52,65,26,34,65,27,67,31,31,63,48,54,24,73,79,64,33,55,33,38,21,32,44,50,65,38,20,18,12,34,60,67,36,72,66,49,33,53,62,26,47,35,39,5,61,56,38,42,39,55,51,36,34,72,36,49,64,24,61,25,41,20,61,51,36,31,27,9,39,66,52,27,29,24,15,32,28,33,24,36,23,6,15,15,18,16,26,41,73,40,48,54,58,35,28
2016-06-01,44,32,47,45,54,52,67,71,76,60,40,39,60,54,42,46,41,32,21,60,21,17,54,50,48,56,41,41,45,45,64,25,32,42,35,57,37,14,49,53,19,50,23,39,18,57,53,64,24,35,65,29,67,31,31,64,50,56,20,67,76,66,32,56,32,36,22,30,49,53,64,40,21,19,13,39,64,68,33,69,68,47,33,55,62,29,46,35,38,5,60,55,39,43,43,67,49,36,32,72,37,49,64,25,61,26,39,18,60,47,33,32,44,9,42,68,59,28,31,24,15,32,26,23,24,37,24,6,15,16,14,16,27,40,71,39,48,53,55,36,28
2016-07-01,47,30,47,46,55,50,70,79,74,58,36,35,58,54,43,46,47,37,20,58,22,17,53,45,53,59,41,39,42,43,60,22,31,43,35,54,35,12,46,54,18,45,25,40,16,55,48,57,21,30,65,32,66,30,23,61,48,47,16,65,70,59,29,58,33,33,18,32,55,54,63,44,20,19,13,46,66,62,32,71,65,49,26,55,66,40,42,35,45,5,61,57,43,48,52,72,54,41,34,75,45,64,66,25,63,21,34,14,62,42,28,31,39,9,42,67,56,28,29,23,13,31,23,15,22,32,24,6,13,15,17,14,23,36,69,35,46,50,49,34,23
2016-08-01,41,28,48,47,58,50,69,76,79,58,37,36,60,53,38,46,46,37,20,61,22,17,57,55,59,62,43,45,44,47,57,23,31,39,35,62,38,13,45,53,20,47,26,40,16,54,52,59,21,35,68,34,65,28,28,64,50,61,22,64,76,60,32,65,31,35,17,39,54,53,62,46,19,19,100,39,62,63,31,72,64,51,27,59,69,35,43,37,38,6,62,57,43,47,48,64,53,38,35,76,47,83,69,27,66,19,38,15,62,45,26,30,31,8,42,70,46,27,28,23,14,31,20,36,22,34,26,6,13,15,12,15,22,36,68,35,47,51,52,33,25
2016-09-01,34,31,46,45,53,54,73,73,82,64,41,41,57,50,38,47,40,30,22,66,23,19,59,58,60,60,39,51,42,44,61,25,31,42,35,65,41,12,52,57,21,47,25,43,19,52,53,64,27,35,67,33,66,30,43,68,53,51,24,60,75,60,35,56,30,37,21,42,39,51,60,41,19,19,12,37,61,62,35,68,63,53,26,59,68,30,45,35,32,7,61,57,39,41,38,52,52,36,35,74,40,59,67,30,60,21,40,20,59,44,31,31,33,12,39,70,30,27,29,24,15,32,23,37,25,37,28,6,18,15,11,16,26,42,67,36,47,53,47,39,27
2016-10-01,34,33,43,45,48,52,76,74,81,61,42,46,58,46,38,51,38,28,22,78,23,19,57,53,59,60,43,41,47,43,60,25,29,38,33,71,41,12,51,54,20,47,23,41,19,53,50,61,27,35,64,34,62,32,37,67,54,55,23,58,69,60,34,52,33,35,20,35,28,53,58,36,19,20,12,36,61,62,36,68,64,53,28,64,70,23,46,33,30,6,61,55,34,40,34,46,57,32,35,72,34,46,70,25,61,22,36,17,54,45,30,32,38,17,42,72,33,28,29,25,15,34,24,35,26,37,27,6,17,15,11,16,29,44,64,33,48,56,43,40,29
2016-11-01,34,33,43,42,47,54,71,74,82,62,40,48,58,43,32,56,35,27,23,76,26,20,59,56,64,61,46,41,44,42,51,27,27,37,33,79,44,12,50,56,22,51,26,42,21,56,51,63,26,40,64,36,61,41,37,69,54,48,24,67,65,56,36,57,35,34,21,32,26,62,56,35,19,21,14,42,56,60,31,65,64,53,32,70,76,25,46,32,30,5,61,56,30,35,31,45,63,35,40,69,28,59,67,27,62,26,36,19,51,42,34,37,40,39,41,69,26,28,35,25,18,36,23,37,28,41,26,6,17,15,11,17,31,45,60,33,50,58,41,38,31
2016-12-01,37,33,40,40,38,48,84,78,78,55,36,41,55,38,28,57,37,26,22,79,28,21,54,56,54,52,38,36,35,37,46,22,23,45,35,84,38,13,43,56,22,44,25,39,18,52,43,53,22,35,55,35,60,29,30,62,51,46,19,72,60,50,31,68,30,28,19,29,23,68,53,34,19,19,12,56,77,55,27,55,57,60,39,74,67,26,43,30,49,5,59,52,28,42,34,44,73,34,38,69,27,61,68,29,65,24,28,13,46,40,31,31,30,7,36,59,21,25,31,25,13,31,20,28,23,32,21,6,14,14,9,15,24,37,55,32,47,48,34,34,26
2017-01-01,37,30,42,43,49,56,74,75,87,63,41,48,56,48,33,46,44,32,22,64,25,19,57,60,60,58,39,46,45,41,48,25,27,41,35,62,40,14,47,60,21,46,37,39,20,56,52,60,27,35,62,48,58,39,38,70,57,49,24,68,63,56,37,52,30,39,22,32,29,47,53,35,22,21,12,42,57,57,29,64,59,57,27,63,72,24,50,34,28,5,60,69,42,40,39,56,50,33,36,71,40,63,70,27,66,22,39,22,59,41,35,36,37,9,40,71,25,28,32,34,17,35,26,32,30,40,28,6,15,15,14,18,28,44,57,32,47,54,40,35,30
2017-02-01,36,30,42,44,50,55,76,81,83,61,40,46,54,50,36,47,41,31,21,65,23,19,57,55,60,59,42,44,47,47,52,25,29,39,37,61,41,12,49,59,20,49,61,39,21,58,51,65,28,37,58,43,56,33,38,69,56,46,25,63,62,58,37,51,32,38,22,31,30,47,58,36,21,21,12,37,58,58,30,69,59,51,29,56,68,23,46,34,30,5,59,65,36,40,39,55,46,33,37,74,38,56,73,24,64,20,41,21,63,42,33,37,32,8,38,69,25,28,33,40,18,35,39,36,30,40,30,6,16,15,21,18,28,46,63,31,49,55,41,40,31
2017-03-01,41,32,45,47,54,62,75,77,87,62,42,50,59,55,42,46,40,31,23,63,23,19,62,56,58,61,45,46,50,48,56,25,31,40,37,65,43,12,52,60,20,51,29,39,22,61,56,68,30,38,63,37,60,33,37,72,58,48,27,66,66,60,37,52,36,40,24,32,32,47,63,36,23,21,12,41,59,61,37,70,65,52,27,60,70,24,46,36,31,6,63,65,37,40,38,55,48,33,36,78,37,62,74,24,64,25,42,23,67,44,32,36,33,8,38,76,30,28,34,35,18,37,50,35,33,41,31,6,18,15,31,19,31,48,69,33,49,57,49,39,34
2017-04-01,38,32,49,49,58,54,76,79,83,59,39,48,66,54,39,49,39,29,21,67,22,19,60,53,71,60,41,45,53,48,63,26,31,44,37,69,42,16,53,57,20,53,29,38,19,61,51,63,30,36,67,32,62,31,34,69,54,62,23,78,73,63,35,57,33,36,20,35,36,57,67,38,21,22,12,40,62,65,35,71,68,51,29,62,70,26,47,38,29,5,63,62,35,41,37,54,55,33,35,79,34,57,76,24,66,25,37,19,66,44,31,34,31,8,37,74,37,28,32,31,17,34,48,35,28,39,27,6,15,14,29,17,28,43,74,34,51,57,58,39,32
2017-05-01,37,32,49,49,59,53,71,81,81,65,42,44,66,53,41,49,39,29,21,64,21,19,58,56,70,60,45,41,48,47,67,26,31,44,34,67,40,13,54,59,19,51,25,38,19,57,55,67,28,36,72,29,62,31,32,70,52,51,22,77,83,67,37,57,35,37,22,37,42,54,65,41,20,20,16,41,61,72,48,72,71,48,36,64,67,27,48,37,38,5,64,59,41,43,41,55,53,34,35,77,36,55,76,24,66,25,38,20,67,46,29,33,35,11,37,74,48,28,31,25,16,35,29,32,30,43,24,6,14,13,22,17,28,41,73,38,51,54,67,37,31
2017-06-01,38,31,49,49,58,53,72,82,84,63,42,42,65,53,36,48,41,33,20,64,22,19,57,55,71,59,46,40,48,48,63,25,32,46,36,64,39,13,50,57,19,53,23,40,19,56,52,68,28,36,73,31,64,31,31,68,52,47,21,72,77,67,34,58,33,37,20,31,49,51,68,41,20,20,11,41,71,71,35,73,72,48,33,62,66,30,47,39,40,5,65,56,38,47,44,58,57,38,34,75,38,60,78,23,67,21,37,17,66,44,29,33,46,7,39,70,62,27,30,24,16,34,25,23,31,39,23,6,15,14,17,16,26,42,75,38,48,54,65,37,28
2017-07-01,42,29,49,48,58,52,74,89,82,62,43,38,62,53,33,48,47,37,19,65,21,18,54,49,64,58,42,37,50,47,64,23,33,47,39,59,35,14,49,55,18,47,23,37,18,55,50,59,22,31,72,33,62,30,23,66,50,43,18,71,76,61,33,57,28,33,22,32,59,54,64,52,20,20,12,39,71,64,31,68,67,51,27,60,69,29,43,37,37,5,65,56,41,52,54,70,56,35,35,78,46,71,81,24,69,19,34,14,67,44,24,32,32,6,39,71,62,26,28,22,14,32,23,16,25,36,23,5,12,13,22,14,25,37,70,34,47,52,61,35,25
2017-08-01,40,30,48,48,61,54,74,87,84,64,41,38,64,53,34,48,48,39,21,66,22,20,55,57,55,60,47,46,44,47,61,23,32,47,38,66,40,15,47,56,19,49,24,39,17,55,53,61,24,32,73,34,62,29,27,66,50,45,22,70,76,61,36,58,32,34,21,39,53,52,64,49,20,20,11,41,67,64,32,69,67,50,27,64,71,28,45,40,39,7,65,57,41,51,53,66,56,34,37,79,47,89,82,27,67,18,35,14,65,43,24,31,35,6,41,75,43,27,29,22,15,33,22,34,26,37,26,6,13,13,14,16,24,38,70,31,47,52,59,35,26
2017-09-01,35,33,47,48,59,57,76,80,88,66,47,44,60,50,34,49,41,32,22,69,23,20,58,60,62,63,45,52,49,46,61,26,35,47,36,71,42,21,53,59,20,50,27,41,19,58,53,66,27,34,70,32,63,32,41,72,53,46,24,66,73,61,36,60,33,36,20,44,37,54,64,40,20,19,11,45,63,65,36,66,66,52,27,61,74,26,45,39,34,8,63,57,37,44,41,52,56,34,38,79,42,74,77,30,63,19,37,20,61,43,29,32,34,7,39,76,32,27,29,24,16,34,26,37,29,37,29,6,16,14,13,17,28,46,70,32,48,54,55,38,28
2017-10-01,34,34,46,46,55,57,80,81,88,69,46,48,62,48,33,53,39,37,22,81,23,19,57,56,55,57,49,42,45,46,63,26,36,44,40,75,41,14,55,59,20,51,33,40,20,56,54,67,29,36,69,33,60,33,38,74,55,52,24,62,72,63,37,56,35,36,21,35,28,55,64,37,24,20,11,42,63,65,37,66,67,52,29,69,76,23,48,37,31,7,63,54,34,42,36,50,60,32,37,76,35,59,79,24,66,23,36,19,58,47,29,36,34,9,42,73,32,29,33,26,17,36,26,35,32,42,26,6,16,15,14,17,29,47,66,32,50,57,51,42,30
2017-11-01,35,34,43,45,51,57,77,80,88,68,43,47,62,43,32,61,37,27,24,85,27,20,60,60,58,59,49,41,46,44,54,25,44,41,36,93,46,17,52,62,22,51,30,43,21,57,51,65,29,40,70,36,61,32,37,76,59,50,24,72,68,61,38,62,36,35,20,32,25,65,60,36,19,20,13,47,59,66,32,60,67,57,34,76,80,25,46,35,35,6,63,57,30,39,34,46,73,36,39,77,30,75,74,28,68,26,35,18,56,43,30,38,33,8,40,74,25,29,39,28,17,38,25,34,31,40,24,6,16,13,13,17,32,46,62,33,52,58,47,38,31
2017-12-01,36,34,41,41,44,50,89,83,81,58,43,40,59,38,27,59,37,27,23,83,28,22,55,56,48,56,43,36,39,38,50,22,42,53,37,86,39,14,44,62,21,44,26,42,17,54,46,53,24,36,63,36,57,30,30,66,52,48,19,76,63,52,46,72,33,28,18,30,23,72,54,35,18,18,12,60,88,55,28,51,62,60,42,78,72,23,45,32,28,6,61,52,27,44,35,44,80,33,37,73,30,75,77,31,70,25,27,13,49,37,29,38,29,6,38,63,22,24,37,27,13,32,23,26,23,33,20,6,14,12,10,13,24,38,56,30,49,50,37,33,25
2018-01-01,36,31,41,45,52,63,80,80,93,68,46,46,58,49,33,48,44,33,22,69,25,20,57,58,60,62,50,45,53,44,50,24,29,46,38,67,44,15,48,64,21,49,46,39,19,63,52,63,28,35,67,48,56,34,40,74,57,50,25,71,62,55,44,57,36,38,22,31,26,52,55,37,23,19,11,47,60,60,32,60,65,54,28,66,75,23,47,35,28,5,61,68,39,44,38,56,51,32,41,75,42,72,78,26,69,23,37,23,65,42,31,45,33,7,37,72,24,28,48,40,16,35,30,32,31,39,26,6,15,14,16,16,29,46,57,32,49,54,44,37,28
2018-02-01,36,30,42,43,50,57,77,80,91,67,44,46,53,51,32,47,42,31,22,65,23,20,58,56,63,62,56,45,50,46,50,23,27,43,36,63,43,14,49,62,20,48,29,38,20,61,52,65,29,36,65,41,57,33,35,75,58,68,25,68,60,56,43,52,36,36,22,31,27,53,56,34,20,20,12,42,58,58,31,63,60,50,30,61,67,21,44,35,26,5,62,62,35,40,37,54,45,31,39,77,37,63,76,23,67,21,36,20,65,42,31,48,27,7,37,70,24,28,44,44,16,35,42,35,31,43,30,6,16,13,20,16,29,46,60,32,47,52,49,38,30
2018-03-01,37,31,46,46,59,59,80,84,88,64,43,49,59,52,36,47,40,33,22,67,22,20,61,55,64,61,50,45,51,49,54,24,31,45,40,69,41,21,51,63,19,49,41,38,20,63,55,68,28,35,68,37,62,32,33,74,59,50,25,70,65,58,38,56,36,36,21,32,31,57,63,37,23,23,12,42,62,61,35,63,64,51,28,62,72,23,45,38,28,6,63,61,35,43,39,54,50,32,38,84,38,71,82,24,67,21,37,20,69,41,28,43,34,8,37,75,29,27,38,33,16,36,50,32,32,40,31,6,17,13,32,19,30,48,69,32,49,54,53,39,29
2018-04-01,35,32,49,50,61,59,77,82,88,67,44,49,63,53,36,48,40,30,21,66,22,19,64,59,62,61,49,45,54,48,59,25,30,46,41,71,42,29,53,61,19,52,25,38,19,62,57,71,32,38,73,33,60,34,34,73,56,61,24,88,74,63,38,56,36,36,22,35,35,54,69,37,24,21,13,43,61,66,34,67,67,49,29,63,73,23,54,41,32,5,66,60,34,42,35,54,53,32,37,86,36,71,77,24,67,24,37,20,70,43,28,41,36,7,38,83,34,29,39,32,17,37,50,36,30,42,26,6,15,14,37,17,28,47,75,33,49,59,61,39,30
2018-05-01,34,30,49,48,60,53,72,82,88,65,46,42,69,51,39,46,39,30,20,64,21,19,57,55,60,60,49,40,52,48,69,26,32,47,38,69,38,29,55,61,18,55,25,37,18,58,57,68,27,36,75,28,59,39,32,73,51,53,23,89,84,69,39,58,35,36,23,33,42,56,72,39,25,20,13,42,64,76,36,69,74,45,34,60,67,26,58,39,34,5,64,54,59,43,40,54,53,33,37,79,36,67,81,23,65,25,35,19,66,50,26,37,33,10,36,74,60,28,34,23,16,34,28,31,32,40,23,6,15,13,25,16,29,44,76,40,52,53,71,37,29
2018-06-01,37,31,48,46,59,52,75,82,85,65,42,42,66,51,35,48,42,32,20,69,21,19,55,52,42,57,50,39,47,47,65,25,32,48,40,64,38,23,52,59,18,54,24,35,18,54,54,67,24,34,73,27,58,32,30,69,51,58,21,72,77,67,35,56,35,34,21,30,48,53,68,44,20,26,12,40,72,74,37,63,73,48,32,60,67,27,48,37,40,28,63,52,37,47,45,59,55,34,35,78,40,71,78,22,68,20,34,17,66,44,28,36,35,14,38,70,63,27,35,23,15,34,24,21,31,40,22,5,14,12,20,16,27,42,73,36,49,51,66,35,27
2018-07-01,40,29,49,46,62,52,77,92,86,62,42,37,65,52,34,48,48,37,19,66,21,20,57,51,32,58,47,37,48,47,63,27,33,53,42,61,37,25,50,60,17,50,23,35,16,55,52,63,22,33,74,31,60,29,22,70,49,52,19,71,72,68,34,59,35,33,21,31,60,57,65,52,22,23,12,41,72,75,33,66,72,47,26,65,68,27,48,39,37,25,66,54,37,52,55,69,61,34,37,79,48,83,86,24,68,18,32,14,68,44,24,36,42,6,37,71,70,26,32,23,14,33,25,17,27,37,22,5,14,12,27,15,26,39,69,32,50,52,64,35,25
2018-08-01,39,28,48,47,63,56,78,87,85,62,46,39,63,51,33,46,48,35,19,64,21,19,54,60,33,60,43,45,46,47,61,23,33,49,44,66,37,22,48,58,18,49,23,34,16,53,54,62,24,32,74,29,56,29,26,67,49,40,20,67,74,62,35,56,34,34,21,40,52,55,64,54,21,21,11,40,70,68,39,62,68,48,26,62,69,26,45,37,36,7,65,53,39,48,51,61,55,33,35,83,48,100,83,26,66,18,33,15,70,46,25,38,34,8,37,74,47,26,34,23,14,32,21,32,25,39,25,5,12,12,17,14,25,38,66,32,47,51,60,34,24
2018-09-01,33,32,45,46,57,55,76,83,85,64,45,43,61,48,32,48,40,31,21,72,21,19,57,59,33,58,46,51,46,46,63,25,33,50,39,76,41,21,51,61,19,51,27,37,18,58,55,63,30,36,71,30,53,32,38,71,54,47,24,61,72,60,36,57,37,36,22,47,37,53,63,40,21,20,11,41,66,66,35,62,68,48,26,64,73,23,51,37,31,7,62,55,35,44,39,49,56,31,36,78,42,75,79,28,64,19,34,19,63,44,26,39,34,10,38,73,33,27,42,24,15,33,24,33,29,48,27,5,17,11,15,14,27,45,67,31,50,53,58,38,26
2018-10-01,33,31,45,45,56,57,79,81,89,68,45,50,58,44,31,48,38,28,21,77,21,20,56,56,38,56,48,41,48,47,62,25,33,47,42,75,41,22,52,64,19,51,24,35,19,56,53,66,30,36,69,32,56,35,35,74,55,52,24,61,72,62,40,57,36,36,23,35,30,52,62,37,20,21,11,46,63,65,38,63,65,46,27,65,72,20,46,36,28,6,61,52,33,41,34,45,58,30,41,75,35,61,81,23,62,22,34,18,58,44,29,47,36,15,37,72,29,29,45,25,16,35,25,33,32,44,25,6,16,12,16,15,30,46,65,29,51,56,53,39,28
2018-11-01,33,33,44,43,53,57,76,77,86,67,44,51,63,40,29,59,37,29,22,85,26,20,60,60,36,58,49,39,44,44,54,25,29,44,38,94,44,23,50,63,21,50,24,36,20,55,52,66,29,40,67,36,55,32,35,73,58,52,24,67,66,61,38,63,36,34,23,31,26,63,57,36,19,20,13,55,64,67,36,60,66,51,32,77,79,21,51,34,49,5,64,54,28,39,32,46,69,32,38,78,30,73,76,28,67,24,32,16,55,43,29,44,35,12,35,73,24,27,39,25,18,36,24,32,32,41,24,5,17,12,15,15,30,47,58,31,50,56,50,37,29
2018-12-01,34,33,38,39,46,49,90,86,83,59,37,43,59,38,25,57,36,27,21,78,26,23,54,56,30,52,44,32,36,39,47,22,26,54,37,77,40,20,44,61,19,44,27,35,16,51,45,52,22,35,63,36,53,29,27,67,50,50,19,71,59,51,35,68,33,27,18,29,23,69,53,34,17,18,12,57,84,56,26,49,57,55,39,77,71,22,50,32,30,5,62,52,27,40,35,45,77,32,36,69,29,72,81,30,72,24,25,11,49,36,28,44,32,7,34,61,21,22,36,24,11,30,21,23,21,32,20,5,13,11,11,12,23,37,55,29,47,50,39,32,23
2019-01-01,33,29,43,41,53,63,78,81,96,68,43,46,58,47,32,47,45,34,21,69,23,20,56,61,40,60,50,46,49,45,50,24,28,47,38,65,40,18,48,62,20,51,37,34,18,57,55,66,27,36,68,45,54,32,37,76,59,52,24,93,63,59,40,55,36,39,23,32,27,52,58,38,23,19,11,46,59,63,34,64,63,51,26,67,72,22,49,34,34,5,62,66,37,44,39,57,50,31,37,73,43,72,80,26,70,21,35,20,64,44,28,45,36,7,34,73,25,27,38,41,15,34,28,31,30,43,26,6,13,12,19,16,30,46,59,29,50,53,52,37,28
2019-02-01,35,28,42,44,53,63,80,82,91,68,43,49,58,47,33,45,43,32,21,66,21,20,58,57,41,59,51,43,51,49,52,24,27,44,37,65,41,18,50,63,18,50,52,33,19,59,57,70,27,37,66,41,54,30,39,74,55,52,25,67,64,61,38,53,38,37,24,36,29,51,62,35,22,20,13,41,60,64,59,66,65,44,29,64,68,20,48,35,28,5,64,62,34,45,38,55,48,30,42,79,41,71,80,23,69,19,35,18,64,45,28,43,45,7,34,71,24,29,37,44,17,34,40,33,31,41,29,6,15,12,25,16,31,48,65,30,49,54,50,38,29
2019-03-01,38,29,47,45,61,63,78,84,90,67,44,50,60,54,39,47,43,32,21,70,21,20,62,59,43,62,55,46,54,52,57,23,29,47,47,72,39,25,52,63,18,52,28,34,18,61,57,71,28,37,69,36,55,31,32,78,58,51,26,81,67,64,38,55,40,38,25,33,32,51,65,36,34,20,12,40,61,66,52,68,68,45,27,64,69,21,46,39,29,5,64,60,33,46,39,59,51,30,37,83,42,74,84,23,70,21,37,18,68,50,27,43,41,8,32,77,30,29,40,39,16,35,49,29,31,44,31,6,17,12,37,16,30,47,72,31,51,56,58,38,31
2019-04-01,37,34,50,50,65,66,79,84,87,69,45,48,67,52,41,47,39,31,20,69,21,19,64,60,46,64,58,45,55,55,64,25,30,53,43,74,42,35,55,63,19,55,23,33,18,62,66,78,31,39,76,33,56,31,34,76,56,60,26,97,82,69,39,60,40,37,24,37,34,57,72,39,24,21,12,42,64,74,42,74,74,44,29,68,74,24,60,43,30,5,67,57,34,45,37,55,56,33,37,89,38,73,87,24,70,23,36,19,69,71,29,42,36,12,33,84,36,30,40,35,16,37,49,30,32,61,26,6,17,12,41,15,34,50,78,32,53,56,66,38,32
2019-05-01,35,30,49,48,60,57,76,85,88,69,43,44,69,51,40,47,39,31,20,67,20,19,57,56,38,59,51,40,51,51,71,28,30,50,41,71,38,25,54,61,17,57,23,32,19,57,58,71,28,36,77,28,53,31,31,74,52,56,24,80,84,70,38,57,36,36,23,35,40,57,71,43,24,21,12,42,68,76,39,71,73,43,35,63,66,25,51,39,34,4,68,52,36,43,38,54,56,32,36,81,40,70,87,23,67,24,35,18,66,50,26,43,35,8,32,76,50,31,38,26,16,35,28,27,35,46,23,6,16,12,29,15,29,43,76,38,51,54,71,36,29
2019-06-01,37,29,50,47,60,57,77,89,90,70,44,41,71,51,36,48,43,32,20,70,21,19,57,56,36,60,53,40,51,51,70,25,31,55,42,73,37,25,55,61,19,55,22,32,18,57,59,69,26,36,77,28,58,30,30,73,52,64,22,75,79,72,35,59,37,36,23,33,47,56,68,54,23,21,11,40,74,80,41,68,74,45,33,65,70,27,51,39,35,7,70,50,37,49,47,61,59,35,34,82,42,76,91,23,68,19,34,16,64,50,25,38,40,7,33,73,66,28,35,23,15,35,25,21,31,46,23,6,16,12,24,14,28,43,74,38,51,54,71,36,27
2019-07-01,40,29,49,49,64,58,78,92,90,67,40,37,68,51,37,48,50,37,19,65,20,19,56,55,34,65,47,36,52,51,67,24,32,56,44,65,36,23,53,60,18,52,23,32,17,56,58,70,27,34,78,31,51,28,24,72,53,45,20,76,75,71,34,58,39,35,22,34,56,55,65,58,24,19,12,42,75,78,34,67,73,45,28,65,69,27,51,39,34,6,71,53,37,52,54,70,57,33,34,82,50,88,89,24,68,19,33,14,66,49,23,38,36,6,33,75,70,29,34,23,15,35,25,17,29,41,23,5,14,11,28,14,28,42,70,36,50,51,67,36,26
2019-08-01,39,29,51,53,63,60,82,95,89,68,41,40,66,51,38,48,50,38,20,68,21,20,57,63,38,67,50,44,53,50,67,28,33,54,44,74,38,23,50,61,19,52,23,33,16,58,62,68,25,33,81,31,48,28,28,71,54,42,23,72,78,67,36,59,36,34,22,43,49,57,65,55,22,22,12,42,76,69,38,71,70,45,28,66,75,26,47,41,33,6,70,52,37,50,54,65,58,33,34,83,51,100,94,27,71,17,33,14,67,56,28,45,50,7,33,78,46,30,38,23,14,33,22,30,28,42,27,5,14,11,19,14,25,39,67,32,50,53,66,35,26
2019-09-01,34,31,53,70,60,70,80,84,94,71,43,46,64,48,38,49,42,33,21,74,22,20,59,63,41,79,51,51,53,51,70,27,33,55,46,75,43,22,55,63,20,54,27,36,19,61,69,72,28,38,74,33,48,31,40,76,57,48,26,66,77,66,36,58,40,38,24,48,35,55,64,47,22,19,12,41,63,70,38,70,70,46,27,70,75,25,51,38,28,7,64,54,35,50,39,51,57,32,36,79,44,78,90,27,65,18,36,19,63,59,28,40,48,13,32,79,33,31,36,25,16,36,25,32,31,45,29,6,18,11,18,16,30,47,67,32,52,58,63,38,27
2019-10-01,34,30,46,45,57,66,82,82,94,71,46,50,62,44,36,50,39,30,21,82,22,20,59,60,42,59,52,40,49,48,67,27,30,51,42,78,41,21,60,64,19,52,22,34,20,53,64,75,28,38,76,34,48,34,36,78,58,54,24,65,74,65,39,56,38,37,24,41,25,57,62,39,21,19,12,43,62,71,39,67,70,45,29,73,76,22,50,37,27,6,64,51,32,46,35,48,58,30,35,77,36,67,87,24,68,21,35,18,59,54,28,41,41,40,33,77,30,32,36,26,16,36,26,32,32,46,29,5,17,12,19,17,31,48,66,30,50,58,60,39,30
2019-11-01,33,32,45,44,54,65,80,82,93,69,45,51,66,43,32,60,39,30,23,89,25,20,59,62,40,61,47,40,50,46,54,24,27,48,43,98,45,20,51,64,20,55,26,35,20,55,61,72,28,41,72,37,49,32,36,74,59,55,23,73,69,67,39,60,39,37,22,36,24,63,58,38,20,19,14,45,63,73,39,65,73,46,33,85,84,23,62,35,28,5,66,56,30,45,34,48,68,33,37,82,32,80,87,26,71,25,33,17,55,51,28,41,35,8,32,81,26,31,35,29,15,35,24,31,32,46,25,6,17,11,17,16,31,49,60,31,50,60,52,37,29
2019-12-01,34,33,40,41,47,62,92,87,89,65,38,44,61,38,31,59,41,30,21,85,26,24,54,59,38,55,45,35,41,43,51,22,28,55,43,89,39,17,46,64,20,49,27,33,17,51,56,62,25,37,68,38,45,30,29,70,52,54,20,78,62,55,36,72,35,30,24,32,22,71,55,37,20,19,13,66,85,60,32,58,63,49,40,82,78,23,47,32,28,5,64,53,27,49,35,51,80,33,36,72,33,83,86,28,74,23,28,13,51,49,25,37,35,8,30,71,24,26,32,27,12,32,22,23,24,36,21,6,14,11,15,14,25,40,55,29,49,52,45,33,25
2020-01-01,31,29,41,41,52,67,80,80,97,73,44,46,60,47,37,46,43,32,20,69,22,19,55,59,41,60,52,43,52,48,52,23,26,51,41,66,39,17,48,66,20,50,43,32,18,56,62,73,29,36,74,46,44,33,34,78,57,57,24,71,64,61,43,55,39,38,27,36,24,52,56,37,26,19,11,47,59,65,35,69,64,48,27,69,75,21,53,35,36,5,64,63,34,46,38,59,49,30,36,74,42,76,81,25,70,22,35,21,61,53,27,42,49,7,32,76,25,29,38,40,15,35,31,28,31,44,26,6,16,11,20,16,32,46,58,29,49,54,51,36,29
2020-02-01,32,27,42,42,55,65,79,82,91,69,43,46,59,48,41,45,43,33,20,66,20,19,57,56,42,60,57,40,58,48,55,22,27,50,43,65,39,21,50,66,18,49,42,31,19,61,62,79,28,36,73,40,43,30,35,74,59,55,25,69,59,62,39,52,35,39,24,35,25,54,58,35,23,19,13,41,62,65,36,70,65,42,28,66,70,22,47,36,36,5,66,56,32,46,38,57,47,30,35,75,42,70,84,23,72,19,35,19,63,56,29,52,34,9,31,78,24,30,44,45,16,35,44,34,31,45,28,6,17,12,34,16,33,50,60,31,49,54,53,37,30
2020-03-01,20,25,39,38,53,63,80,68,84,72,73,46,57,44,36,43,34,27,22,57,21,16,64,61,43,69,62,52,86,48,60,21,27,93,44,54,38,43,66,71,21,47,25,33,18,77,63,71,25,40,91,26,45,39,35,72,89,36,24,65,60,59,41,52,38,32,21,39,24,80,55,36,21,19,10,47,78,65,32,67,64,51,26,71,63,18,51,37,76,5,69,63,24,33,31,47,61,25,29,66,39,48,86,22,49,16,31,16,55,57,95,100,55,10,40,72,23,33,86,37,15,36,61,27,32,43,24,7,15,12,61,17,32,49,57,49,58,52,56,38,69
2020-04-01,13,26,42,38,56,52,100,64,63,59,78,46,78,42,28,52,21,16,24,69,25,16,78,70,43,61,81,58,57,42,83,29,31,100,49,66,36,24,80,72,24,53,27,36,19,74,57,67,27,44,88,14,51,39,37,61,74,27,20,87,81,65,30,59,37,27,21,57,30,100,60,38,16,17,9,73,83,75,36,63,84,57,35,81,74,18,62,31,47,6,78,70,21,24,25,47,78,27,33,67,18,41,87,27,35,18,25,11,52,47,77,79,51,8,40,84,43,32,78,29,15,41,57,32,30,44,17,7,16,12,100,17,33,48,62,61,64,75,86,44,74
2020-05-01,13,23,50,44,64,50,95,74,64,55,52,43,100,50,37,56,24,17,22,75,23,18,68,69,46,58,63,47,56,48,97,33,34,80,50,76,37,17,75,64,23,59,25,35,18,64,60,73,26,43,97,15,46,31,33,63,59,30,22,87,100,84,32,67,39,30,24,50,47,87,68,42,19,17,9,81,79,99,36,77,100,50,43,84,93,23,54,37,40,5,84,60,21,29,32,59,75,30,34,79,17,51,99,28,44,15,29,14,63,63,45,67,37,6,32,92,98,32,61,29,14,39,45,26,31,43,17,6,14,12,65,18,30,42,72,61,64,73,99,42,51
2020-06-01,15,20,54,48,70,55,87,78,76,64,46,44,94,57,39,54,29,23,22,73,23,100,63,67,45,59,62,40,64,54,86,34,34,67,48,72,36,15,67,61,22,60,23,34,18,65,68,81,26,41,100,16,44,32,30,68,58,31,23,91,93,86,36,69,41,35,26,42,61,74,75,50,16,19,10,78,80,100,36,84,97,46,38,84,90,25,52,41,38,5,79,58,27,35,39,75,69,34,33,86,19,55,94,26,58,14,33,16,66,72,33,64,39,7,31,96,100,31,63,26,15,38,33,21,30,45,18,6,15,12,51,17,34,45,81,51,60,69,95,39,45
2020-07-01,16,20,54,51,74,58,87,82,81,67,42,41,85,58,40,51,33,28,22,74,22,23,61,66,42,58,58,38,60,52,86,27,34,66,46,69,34,14,63,62,22,58,24,32,18,59,66,79,28,39,95,16,44,31,24,71,55,34,20,84,87,80,39,66,38,32,22,44,70,69,71,57,15,17,9,64,80,93,35,78,91,46,30,83,92,29,50,40,38,5,78,57,28,40,47,80,64,35,33,89,23,60,96,28,62,13,29,15,68,71,27,58,36,7,33,93,82,30,58,22,14,38,30,17,29,45,19,5,16,11,48,16,31,43,77,41,58,67,85,39,43
2020-08-01,16,20,50,47,70,57,84,84,86,69,41,41,79,57,40,49,32,29,20,73,22,24,59,72,36,58,53,42,61,50,82,25,32,62,44,73,34,13,59,58,21,54,22,32,16,56,63,76,28,35,89,15,40,29,26,72,54,53,22,79,81,73,39,59,37,32,21,58,60,65,67,53,14,17,10,53,76,81,32,82,83,44,28,80,91,24,47,38,27,5,75,53,28,39,44,69,59,31,32,87,22,62,92,27,63,12,30,14,66,63,24,51,32,8,30,95,52,31,53,21,13,34,26,28,27,43,17,5,15,11,44,16,28,40,73,36,54,69,82,38,42
2020-09-01,16,21,46,46,70,60,84,79,83,73,44,45,75,50,38,50,26,22,22,76,22,23,61,75,37,56,52,48,57,51,79,30,31,62,42,75,38,12,58,62,22,54,25,34,17,56,63,79,27,39,82,14,41,30,37,73,58,51,23,78,81,73,40,60,39,34,20,56,37,66,65,43,14,16,10,53,65,80,33,82,85,45,26,83,91,21,46,36,26,6,70,53,26,34,33,52,59,29,32,81,17,50,87,27,60,13,30,17,60,64,27,55,33,9,29,94,33,32,53,23,14,34,28,35,30,43,18,5,17,11,34,16,32,45,72,33,55,63,76,42,43
2020-10-01,13,19,44,43,62,58,84,74,83,70,43,47,75,46,37,50,23,19,20,76,22,21,59,67,36,52,53,37,54,46,69,27,30,59,37,75,36,12,57,64,20,54,22,31,16,54,58,75,28,37,82,14,42,33,29,72,57,38,21,92,77,71,40,53,36,32,21,40,28,68,63,34,12,16,9,50,62,79,28,77,81,44,27,86,95,18,48,34,21,6,71,53,23,29,27,45,58,27,31,78,13,39,87,24,56,14,28,14,57,52,30,53,34,13,30,94,28,29,47,22,12,32,30,29,23,37,17,5,16,10,40,14,30,43,68,31,52,60,69,39,44
2020-11-01,13,18,42,40,58,57,79,67,78,64,42,45,74,42,31,58,21,17,21,85,25,23,58,69,34,51,47,34,51,41,59,23,25,56,35,89,36,11,53,59,23,52,24,31,15,55,54,73,35,39,78,14,40,45,28,68,53,34,24,84,70,67,48,59,37,29,22,33,24,76,59,32,15,16,9,58,61,76,26,77,78,46,34,96,95,17,49,31,21,5,71,53,21,28,25,45,73,28,31,74,11,43,80,28,56,14,28,12,52,50,29,56,52,100,32,94,22,30,56,24,11,31,27,27,19,35,17,5,14,11,32,12,29,42,60,30,52,64,63,36,43
2020-12-01,11,20,40,39,55,55,95,71,70,66,40,42,71,40,30,59,23,18,22,86,27,27,57,69,34,52,51,33,48,40,60,24,26,69,39,84,36,11,50,63,23,49,23,31,15,58,51,64,32,37,79,16,41,30,25,66,54,39,23,75,67,61,49,73,35,25,19,34,24,84,54,41,15,16,10,100,88,69,24,76,76,51,40,99,88,19,46,28,22,5,73,49,19,26,29,44,77,29,32,72,11,44,84,30,54,15,23,10,48,45,29,58,38,7,31,85,20,28,61,29,10,31,28,21,18,36,15,6,15,10,37,12,26,38,55,30,53,56,60,37,43
2021-01-01,12,19,41,40,69,57,85,66,78,67,42,46,73,49,35,48,22,18,21,71,23,20,59,72,36,53,52,39,55,43,63,27,27,60,39,65,35,13,53,61,22,50,24,31,16,65,54,73,39,38,83,14,39,40,29,72,58,51,25,72,68,66,46,55,37,31,22,42,26,67,57,33,14,17,10,70,60,73,26,76,77,47,28,88,92,18,51,31,21,6,75,61,23,24,29,51,57,28,35,72,13,37,84,27,50,13,28,14,56,47,31,67,43,11,33,91,25,32,81,42,11,33,33,25,22,36,17,6,15,11,36,15,31,43,59,31,53,61,64,38,45
2021-02-01,12,18,42,40,61,57,85,70,82,66,42,47,73,52,34,47,22,19,21,68,22,21,58,65,34,54,52,38,60,44,66,25,27,54,34,62,33,15,56,62,21,53,26,30,16,70,53,83,31,36,80,12,39,29,30,72,57,51,30,74,68,67,49,55,37,32,22,38,28,64,63,35,14,17,11,62,60,77,28,74,81,44,30,83,86,17,48,32,19,5,74,56,22,23,29,50,53,27,31,78,13,34,82,25,53,14,29,13,58,46,33,71,36,6,29,94,28,32,100,47,12,33,43,30,23,38,16,6,16,11,46,13,32,45,66,31,52,58,79,39,40
2021-03-01,14,17,47,45,67,61,80,74,90,70,41,47,76,56,37,45,23,20,20,68,21,20,61,63,34,58,49,38,64,45,72,27,28,52,38,69,33,17,55,64,20,56,34,31,16,67,57,74,34,35,86,14,42,31,27,77,56,47,29,72,74,70,78,56,40,33,21,36,33,60,68,65,13,17,10,56,59,78,36,82,82,40,27,78,91,18,49,37,20,4,74,55,23,24,31,52,51,29,30,83,15,37,91,24,58,13,29,15,60,50,35,65,33,6,29,100,39,32,78,38,13,32,51,26,23,42,16,6,15,11,64,13,31,44,75,32,55,58,69,38,45
2021-04-01,12,17,50,46,65,61,81,73,90,72,42,47,82,53,38,49,22,17,20,70,22,19,62,63,34,54,47,38,56,44,81,32,29,62,41,74,34,16,59,72,20,55,30,32,15,65,57,74,29,36,97,13,43,35,28,76,52,51,25,100,86,76,100,58,38,29,21,39,39,71,70,43,13,17,10,60,60,86,32,74,90,41,31,75,82,19,50,36,46,6,79,51,20,23,28,48,57,29,30,78,13,40,94,24,50,13,27,13,60,55,29,58,37,6,31,93,50,30,63,35,12,33,55,26,20,38,16,6,15,11,65,12,31,43,80,38,56,57,80,41,52
2021-05-01,13,18,47,44,64,58,81,76,87,67,41,46,89,50,36,49,23,18,19,70,20,18,59,59,28,49,46,34,49,41,92,33,30,60,41,69,33,17,61,70,20,59,24,30,15,58,54,64,26,34,97,14,40,29,27,73,51,53,23,77,89,80,91,56,38,30,20,39,46,72,69,50,13,17,14,60,64,92,36,75,92,39,37,74,82,19,51,34,100,5,78,46,21,25,32,53,59,29,35,83,17,43,97,23,50,13,28,12,58,55,28,52,32,6,30,89,79,29,58,25,11,33,31,23,20,40,16,6,14,10,50,12,29,41,76,44,57,56,89,38,41
2021-06-01,18,18,45,44,62,54,78,84,88,69,40,41,82,48,32,46,29,23,18,68,19,18,51,55,28,49,46,33,46,42,80,28,30,59,38,65,31,17,54,73,18,57,23,29,15,56,53,64,24,32,94,19,40,27,25,72,51,59,22,71,79,79,83,59,39,29,19,30,54,64,66,48,14,17,10,56,70,94,37,71,85,38,34,73,75,19,50,33,83,11,74,44,25,32,40,66,59,28,30,80,22,49,95,22,57,13,28,12,55,51,24,50,32,5,28,79,90,28,62,22,11,31,27,18,20,39,17,6,15,10,37,11,28,40,70,39,55,54,77,36,37
2021-07-01,24,18,49,46,64,53,83,98,90,68,43,39,75,51,31,45,39,31,17,68,19,19,53,55,27,51,47,32,45,42,75,24,32,60,42,65,31,23,53,65,18,54,24,27,14,54,53,61,22,30,93,20,39,27,20,71,52,54,21,76,76,68,59,60,36,28,18,35,58,60,65,57,15,19,10,49,78,78,30,68,76,41,29,74,79,20,49,36,37,8,76,49,30,40,51,74,57,29,32,79,30,60,100,25,70,13,24,10,58,51,22,49,28,5,29,83,69,27,49,21,9,28,25,14,18,35,18,5,14,10,41,10,25,36,68,34,51,51,74,35,32
2021-08-01,24,18,47,46,65,56,85,100,92,70,42,39,73,50,34,47,37,30,18,70,19,20,51,61,26,50,44,37,43,43,73,23,30,56,41,72,32,20,51,62,19,50,23,29,14,54,55,65,23,29,93,19,40,26,23,75,52,47,22,69,74,67,57,59,35,29,19,50,51,60,63,57,15,18,11,47,75,76,35,67,76,41,27,76,82,18,45,36,30,6,77,46,31,40,48,75,55,28,31,81,28,74,98,27,69,12,27,11,59,49,30,47,31,10,30,81,57,31,48,22,9,28,23,27,18,34,20,5,13,9,29,10,24,36,67,31,51,49,71,34,34
2021-09-01,21,20,44,44,66,65,88,90,100,75,48,44,70,46,30,47,30,24,19,76,19,21,54,69,29,53,46,42,43,46,73,25,31,59,35,77,36,16,53,65,20,53,26,32,15,55,58,65,24,33,91,18,40,31,33,78,57,47,24,74,73,66,58,58,38,32,19,49,35,65,63,45,15,19,11,47,65,72,32,71,73,40,28,75,83,18,45,35,34,6,71,48,28,35,36,55,56,28,35,75,21,58,93,27,64,14,28,14,55,56,26,49,34,32,30,85,36,32,48,24,11,31,27,31,21,40,21,6,14,10,27,11,30,42,68,30,52,49,64,39,37
2021-10-01,23,20,43,43,59,60,87,88,96,73,43,47,71,46,30,49,29,23,20,84,20,20,53,63,29,51,45,33,46,44,72,24,28,57,36,78,35,26,52,67,20,52,25,30,19,56,55,66,24,34,86,20,37,30,28,81,54,53,24,79,73,67,53,56,38,31,20,39,26,65,61,44,18,19,11,48,66,76,32,70,75,44,29,80,86,16,46,35,26,6,72,46,26,33,32,50,61,27,33,74,20,51,95,24,63,15,26,12,52,51,27,51,30,8,29,88,32,29,51,26,11,30,25,27,22,36,20,6,16,10,28,11,30,43,65,29,50,54,63,38,36
2021-11-01,25,24,43,42,62,63,83,85,97,72,47,47,74,42,27,58,30,23,21,90,23,23,56,66,32,53,48,35,47,41,63,25,25,55,36,100,39,24,53,69,21,55,25,32,19,57,60,64,26,38,87,27,37,30,29,82,56,53,24,72,67,68,53,64,39,32,21,35,24,70,59,39,17,21,12,56,64,77,29,71,77,44,33,98,91,17,50,34,24,6,73,49,24,33,30,51,67,29,34,75,18,65,88,27,68,17,28,13,52,57,28,55,26,7,30,90,27,31,60,29,12,33,26,29,24,38,20,6,16,10,24,11,30,46,59,28,55,56,59,38,39
2021-12-01,24,25,41,41,55,65,96,91,97,75,45,46,72,41,28,57,31,24,21,90,25,27,56,67,27,52,47,36,41,39,60,23,25,75,40,95,38,19,47,100,24,52,27,33,18,59,59,58,24,43,85,23,38,29,29,81,60,50,22,78,64,63,55,74,36,29,19,35,21,81,60,37,16,24,13,74,92,72,27,65,73,48,41,100,89,17,53,32,27,6,72,47,23,34,33,53,75,30,36,73,17,62,96,30,71,17,25,11,48,49,29,54,33,5,31,77,24,29,52,28,10,32,28,23,19,39,18,6,17,11,24,11,28,42,61,30,56,51,54,35,53
2022-01-01,17,21,44,43,59,71,89,77,100,80,48,48,74,50,32,49,31,23,22,76,23,22,59,72,30,57,51,42,55,44,66,24,26,73,37,75,37,22,51,89,24,56,30,35,18,63,62,68,29,42,87,23,40,34,34,84,66,54,25,76,70,72,52,63,41,36,25,41,23,66,66,38,18,20,11,61,62,83,31,71,78,47,29,94,96,18,53,35,27,6,77,56,28,30,35,63,56,29,38,80,19,52,92,30,62,16,31,17,61,48,32,59,42,7,33,93,26,32,59,42,11,33,36,27,26,41,19,7,17,11,38,12,34,50,67,30,55,57,60,38,52
2022-02-01,24,22,43,44,64,64,86,89,93,70,49,50,68,52,32,47,35,29,20,75,19,23,60,67,31,59,54,41,55,46,63,24,27,59,35,71,38,32,55,71,21,57,30,41,18,64,60,73,28,38,81,31,40,39,33,82,67,61,27,73,67,70,44,62,40,35,25,36,25,64,68,40,20,22,11,54,66,78,31,75,78,43,31,82,84,17,54,37,24,6,77,57,29,37,37,64,49,28,36,77,24,55,91,26,72,16,32,16,61,49,44,62,84,10,34,89,32,33,57,47,12,34,45,32,27,44,20,6,20,11,46,12,34,52,69,27,53,53,70,40,38
2022-03-01,29,25,48,47,68,72,81,91,98,76,48,54,73,54,36,49,38,32,21,79,20,22,65,67,37,63,55,43,62,50,68,24,30,61,41,80,41,69,57,74,20,62,39,40,18,72,66,75,29,38,87,31,42,38,31,86,62,57,28,79,70,73,49,61,43,39,25,39,30,63,70,46,24,23,13,54,64,81,33,83,82,41,29,81,85,18,55,50,28,5,76,59,31,40,40,68,52,28,37,80,29,67,95,27,70,18,34,18,66,63,39,64,100,9,34,92,37,34,65,43,14,35,54,30,29,42,24,6,18,11,59,13,33,53,72,30,58,57,70,38,39
2022-04-01,29,25,49,47,67,64,89,97,100,75,46,50,78,53,38,50,38,31,20,79,20,22,64,65,34,62,53,43,65,49,77,25,30,69,42,87,39,36,56,73,20,62,31,38,17,68,63,74,30,37,91,28,44,32,29,84,57,63,24,83,79,77,45,63,43,35,24,46,34,67,71,48,22,21,12,52,70,90,35,82,86,42,32,82,82,19,57,42,27,6,78,53,32,42,37,64,60,30,35,82,31,73,100,32,70,18,31,16,65,54,33,57,52,8,34,89,43,32,54,37,12,33,53,28,25,37,23,5,17,11,56,12,30,49,76,32,58,58,71,39,37
